{"task": "analyst_script", "effort": "low", "ok": true, "layer": "ok", "info": "", "retry": 0, "usage": {"reasoning": 10, "total": 100}, "latency_s": 0.05, "intent": "dry-run low intent 117"}
{"task": "analyst_script", "effort": "low", "ok": true, "layer": "ok", "info": "", "retry": 0, "usage": {"reasoning": 10, "total": 100}, "latency_s": 0.05, "intent": "dry-run low intent 895"}
{"task": "analyst_script", "effort": "low", "ok": true, "layer": "ok", "info": "", "retry": 0, "usage": {"reasoning": 10, "total": 100}, "latency_s": 0.05, "intent": "dry-run low intent 150"}
{"task": "analyst_script", "effort": "low", "ok": true, "layer": "ok", "info": "", "retry": 0, "usage": {"reasoning": 10, "total": 100}, "latency_s": 0.05, "intent": "dry-run low intent 977"}
{"task": "analyst_script", "effort": "low", "ok": true, "layer": "ok", "info": "", "retry": 0, "usage": {"reasoning": 10, "total": 100}, "latency_s": 0.05, "intent": "dry-run low intent 83"}
{"task": "finish_block", "effort": "low", "ok": false, "layer": "json", "info": "schema/structure fail", "retry": 0, "usage": {"reasoning": 10, "total": 100}, "latency_s": 0.05, "intent": "dry-run low intent 57"}
{"task": "finish_block", "effort": "low", "ok": false, "layer": "json", "info": "schema/structure fail", "retry": 0, "usage": {"reasoning": 10, "total": 100}, "latency_s": 0.05, "intent": "dry-run low intent 414"}
{"task": "finish_block", "effort": "low", "ok": false, "layer": "json", "info": "schema/structure fail", "retry": 0, "usage": {"reasoning": 10, "total": 100}, "latency_s": 0.05, "intent": "dry-run low intent 593"}
{"task": "finish_block", "effort": "low", "ok": false, "layer": "json", "info": "schema/structure fail", "retry": 0, "usage": {"reasoning": 10, "total": 100}, "latency_s": 0.05, "intent": "dry-run low intent 617"}
{"task": "finish_block", "effort": "low", "ok": false, "layer": "json", "info": "schema/structure fail", "retry": 0, "usage": {"reasoning": 10, "total": 100}, "latency_s": 0.05, "intent": "dry-run low intent 536"}
{"task": "analyst_script", "effort": "high", "ok": true, "layer": "ok", "info": "", "retry": 0, "usage": {"reasoning": 10, "total": 100}, "latency_s": 0.05, "intent": "dry-run high intent 117"}
{"task": "analyst_script", "effort": "high", "ok": true, "layer": "ok", "info": "", "retry": 0, "usage": {"reasoning": 10, "total": 100}, "latency_s": 0.05, "intent": "dry-run high intent 895"}
{"task": "analyst_script", "effort": "high", "ok": true, "layer": "ok", "info": "", "retry": 0, "usage": {"reasoning": 10, "total": 100}, "latency_s": 0.05, "intent": "dry-run high intent 150"}
{"task": "analyst_script", "effort": "high", "ok": true, "layer": "ok", "info": "", "retry": 0, "usage": {"reasoning": 10, "total": 100}, "latency_s": 0.05, "intent": "dry-run high intent 977"}
{"task": "analyst_script", "effort": "high", "ok": true, "layer": "ok", "info": "", "retry": 0, "usage": {"reasoning": 10, "total": 100}, "latency_s": 0.05, "intent": "dry-run high intent 83"}
{"task": "finish_block", "effort": "high", "ok": false, "layer": "json", "info": "schema/structure fail", "retry": 0, "usage": {"reasoning": 10, "total": 100}, "latency_s": 0.05, "intent": "dry-run high intent 57"}
{"task": "finish_block", "effort": "high", "ok": false, "layer": "json", "info": "schema/structure fail", "retry": 0, "usage": {"reasoning": 10, "total": 100}, "latency_s": 0.05, "intent": "dry-run high intent 414"}
{"task": "finish_block", "effort": "high", "ok": false, "layer": "json", "info": "schema/structure fail", "retry": 0, "usage": {"reasoning": 10, "total": 100}, "latency_s": 0.05, "intent": "dry-run high intent 593"}
{"task": "finish_block", "effort": "high", "ok": false, "layer": "json", "info": "schema/structure fail", "retry": 0, "usage": {"reasoning": 10, "total": 100}, "latency_s": 0.05, "intent": "dry-run high intent 617"}
{"task": "finish_block", "effort": "high", "ok": false, "layer": "json", "info": "schema/structure fail", "retry": 0, "usage": {"reasoning": 10, "total": 100}, "latency_s": 0.05, "intent": "dry-run high intent 536"}
{"task": "analyst_script", "effort": "low", "ok": true, "layer": "ok", "info": "", "retry": 0, "usage": {"reasoning": 10, "total": 100}, "latency_s": 0.05, "jarl_warnings": 0, "intent": "dry-run low intent 491"}
{"task": "analyst_script", "effort": "low", "ok": true, "layer": "ok", "info": "", "retry": 0, "usage": {"reasoning": 10, "total": 100}, "latency_s": 0.05, "jarl_warnings": 0, "intent": "dry-run low intent 529"}
{"task": "analyst_script", "effort": "low", "ok": true, "layer": "ok", "info": "", "retry": 0, "usage": {"reasoning": 10, "total": 100}, "latency_s": 0.05, "jarl_warnings": 0, "intent": "dry-run low intent 723"}
{"task": "analyst_script", "effort": "low", "ok": true, "layer": "ok", "info": "", "retry": 0, "usage": {"reasoning": 10, "total": 100}, "latency_s": 0.05, "jarl_warnings": 0, "intent": "dry-run low intent 190"}
{"task": "finish_block", "effort": "low", "ok": true, "layer": "ok", "info": "", "retry": 0, "usage": {"reasoning": 10, "total": 100}, "latency_s": 0.05, "jarl_warnings": 0, "intent": "dry-run low intent 965"}
{"task": "finish_block", "effort": "low", "ok": true, "layer": "ok", "info": "", "retry": 0, "usage": {"reasoning": 10, "total": 100}, "latency_s": 0.05, "jarl_warnings": 0, "intent": "dry-run low intent 706"}
{"task": "finish_block", "effort": "low", "ok": true, "layer": "ok", "info": "", "retry": 0, "usage": {"reasoning": 10, "total": 100}, "latency_s": 0.05, "jarl_warnings": 0, "intent": "dry-run low intent 707"}
{"task": "finish_block", "effort": "low", "ok": true, "layer": "ok", "info": "", "retry": 0, "usage": {"reasoning": 10, "total": 100}, "latency_s": 0.05, "jarl_warnings": 0, "intent": "dry-run low intent 776"}
{"task": "analyst_script", "effort": "max", "ok": true, "layer": "ok", "info": "", "retry": 0, "usage": {"reasoning": 10, "total": 100}, "latency_s": 0.05, "jarl_warnings": 0, "intent": "dry-run max intent 491"}
{"task": "analyst_script", "effort": "max", "ok": true, "layer": "ok", "info": "", "retry": 0, "usage": {"reasoning": 10, "total": 100}, "latency_s": 0.05, "jarl_warnings": 0, "intent": "dry-run max intent 529"}
{"task": "analyst_script", "effort": "max", "ok": true, "layer": "ok", "info": "", "retry": 0, "usage": {"reasoning": 10, "total": 100}, "latency_s": 0.05, "jarl_warnings": 0, "intent": "dry-run max intent 723"}
{"task": "analyst_script", "effort": "max", "ok": true, "layer": "ok", "info": "", "retry": 0, "usage": {"reasoning": 10, "total": 100}, "latency_s": 0.05, "jarl_warnings": 0, "intent": "dry-run max intent 190"}
{"task": "finish_block", "effort": "max", "ok": true, "layer": "ok", "info": "", "retry": 0, "usage": {"reasoning": 10, "total": 100}, "latency_s": 0.05, "jarl_warnings": 0, "intent": "dry-run max intent 965"}
{"task": "finish_block", "effort": "max", "ok": true, "layer": "ok", "info": "", "retry": 0, "usage": {"reasoning": 10, "total": 100}, "latency_s": 0.05, "jarl_warnings": 0, "intent": "dry-run max intent 706"}
{"task": "finish_block", "effort": "max", "ok": true, "layer": "ok", "info": "", "retry": 0, "usage": {"reasoning": 10, "total": 100}, "latency_s": 0.05, "jarl_warnings": 0, "intent": "dry-run max intent 707"}
{"task": "finish_block", "effort": "max", "ok": true, "layer": "ok", "info": "", "retry": 0, "usage": {"reasoning": 10, "total": 100}, "latency_s": 0.05, "jarl_warnings": 0, "intent": "dry-run max intent 776"}
{"task": "analyst_script", "effort": "low", "ok": true, "layer": "ok", "info": "", "retry": 0, "usage": {"reasoning": 10, "total": 100}, "latency_s": 0.05, "jarl_warnings": 0, "intent": "dry-run low intent 980"}
{"task": "analyst_script", "effort": "low", "ok": true, "layer": "ok", "info": "", "retry": 0, "usage": {"reasoning": 10, "total": 100}, "latency_s": 0.05, "jarl_warnings": 0, "intent": "dry-run low intent 546"}
{"task": "analyst_script", "effort": "low", "ok": true, "layer": "ok", "info": "", "retry": 0, "usage": {"reasoning": 10, "total": 100}, "latency_s": 0.05, "jarl_warnings": 0, "intent": "dry-run low intent 681"}
{"task": "analyst_script", "effort": "low", "ok": true, "layer": "ok", "info": "", "retry": 0, "usage": {"reasoning": 10, "total": 100}, "latency_s": 0.05, "jarl_warnings": 0, "intent": "dry-run low intent 753"}
{"task": "finish_block", "effort": "low", "ok": true, "layer": "ok", "info": "", "retry": 0, "usage": {"reasoning": 10, "total": 100}, "latency_s": 0.05, "jarl_warnings": 0, "intent": "dry-run low intent 562"}
{"task": "finish_block", "effort": "low", "ok": true, "layer": "ok", "info": "", "retry": 0, "usage": {"reasoning": 10, "total": 100}, "latency_s": 0.05, "jarl_warnings": 0, "intent": "dry-run low intent 792"}
{"task": "finish_block", "effort": "low", "ok": true, "layer": "ok", "info": "", "retry": 0, "usage": {"reasoning": 10, "total": 100}, "latency_s": 0.05, "jarl_warnings": 0, "intent": "dry-run low intent 261"}
{"task": "finish_block", "effort": "low", "ok": true, "layer": "ok", "info": "", "retry": 0, "usage": {"reasoning": 10, "total": 100}, "latency_s": 0.05, "jarl_warnings": 0, "intent": "dry-run low intent 249"}
{"task": "analyst_script", "effort": "max", "ok": true, "layer": "ok", "info": "", "retry": 0, "usage": {"reasoning": 10, "total": 100}, "latency_s": 0.05, "jarl_warnings": 0, "intent": "dry-run max intent 980"}
{"task": "analyst_script", "effort": "max", "ok": true, "layer": "ok", "info": "", "retry": 0, "usage": {"reasoning": 10, "total": 100}, "latency_s": 0.05, "jarl_warnings": 0, "intent": "dry-run max intent 546"}
{"task": "analyst_script", "effort": "max", "ok": true, "layer": "ok", "info": "", "retry": 0, "usage": {"reasoning": 10, "total": 100}, "latency_s": 0.05, "jarl_warnings": 0, "intent": "dry-run max intent 681"}
{"task": "analyst_script", "effort": "max", "ok": true, "layer": "ok", "info": "", "retry": 0, "usage": {"reasoning": 10, "total": 100}, "latency_s": 0.05, "jarl_warnings": 0, "intent": "dry-run max intent 753"}
{"task": "finish_block", "effort": "max", "ok": true, "layer": "ok", "info": "", "retry": 0, "usage": {"reasoning": 10, "total": 100}, "latency_s": 0.05, "jarl_warnings": 0, "intent": "dry-run max intent 562"}
{"task": "finish_block", "effort": "max", "ok": true, "layer": "ok", "info": "", "retry": 0, "usage": {"reasoning": 10, "total": 100}, "latency_s": 0.05, "jarl_warnings": 0, "intent": "dry-run max intent 792"}
{"task": "finish_block", "effort": "max", "ok": true, "layer": "ok", "info": "", "retry": 0, "usage": {"reasoning": 10, "total": 100}, "latency_s": 0.05, "jarl_warnings": 0, "intent": "dry-run max intent 261"}
{"task": "finish_block", "effort": "max", "ok": true, "layer": "ok", "info": "", "retry": 0, "usage": {"reasoning": 10, "total": 100}, "latency_s": 0.05, "jarl_warnings": 0, "intent": "dry-run max intent 249"}
{"task": "analyst_script", "effort": "low", "ok": true, "layer": "ok", "info": "", "retry": 0, "usage": {"reasoning": 0, "total": 651}, "latency_s": 10.87, "jarl_warnings": 0, "intent": "Create a publication-style faceted line plot of mean lab values over visits by treatment using ADLB data"}
{"task": "analyst_script", "effort": "low", "ok": true, "layer": "ok", "info": "", "retry": 0, "usage": {"reasoning": 0, "total": 577}, "latency_s": 10.59, "jarl_warnings": 0, "intent": "Read PK concentration data, filter missing AVAL values, and compute grouped geometric mean and CV% summaries of AUC and Cmax by subject and treatment using data.table."}
{"task": "analyst_script", "effort": "low", "ok": true, "layer": "ok", "info": "", "retry": 0, "usage": {"reasoning": 0, "total": 762}, "latency_s": 13.16, "jarl_warnings": 0, "intent": "Fit a Cox proportional hazards model on blinded-subject review-passed ADTTE data to summarize treatment effect on time-to-event endpoint, tidy the coefficient table, and export to CSV."}
{"task": "analyst_script", "effort": "low", "ok": true, "layer": "ok", "info": "", "retry": 1, "usage": {"reasoning": 19, "total": 632}, "latency_s": 8.05, "jarl_warnings": 0, "intent": "Shiny server observer that fits an ANCOVA of change from baseline per treatment arm for the selected visit and tidies the coefficients for display."}
{"task": "analyst_script", "effort": "low", "ok": true, "layer": "ok", "info": "", "retry": 0, "usage": {"reasoning": 18, "total": 758}, "latency_s": 12.72, "jarl_warnings": 0, "intent": "Import and clean a monthly pharmacy dispensing volume CSV for downstream time-series forecasting, handling missing codes and NA values, then preview with a ggplot2 line plot."}
{"task": "analyst_script", "effort": "low", "ok": false, "layer": "json", "info": "schema/structure fail", "retry": 1, "usage": {"reasoning": 0, "total": 608}, "latency_s": 7.44, "jarl_warnings": 0, "intent": "Read a survey dataset, derive an age-group categorization variable with case_when, and tabulate weighted counts by stratum."}
{"task": "analyst_script", "effort": "low", "ok": true, "layer": "ok", "info": "", "retry": 0, "usage": {"reasoning": 0, "total": 650}, "latency_s": 7.81, "jarl_warnings": 0, "intent": "A reusable function using data.table that computes treatment-emergent AE incidence rates by system organ class from an ADAE dataset with argument checks and missing-value filtering."}
{"task": "analyst_script", "effort": "low", "ok": true, "layer": "ok", "info": "", "retry": 0, "usage": {"reasoning": 0, "total": 730}, "latency_s": 8.31, "jarl_warnings": 0, "intent": "Import a survey extract, recode missing codes (-9/-8) to NA, filter incomplete records, and tabulate weighted response counts using ggplot2 and scales."}
{"task": "analyst_script", "effort": "low", "ok": true, "layer": "ok", "info": "", "retry": 2, "usage": {"reasoning": 0, "total": 815}, "latency_s": 9.03, "jarl_warnings": 0, "intent": "Summarize treatment-emergent adverse event rates and lab shift summaries by treatment arm using purrr + broom for many-models over ADAE/ADLB data"}
{"task": "analyst_script", "effort": "low", "ok": true, "layer": "ok", "info": "", "retry": 0, "usage": {"reasoning": 0, "total": 601}, "latency_s": 6.69, "jarl_warnings": 0, "intent": "Summarize weighted median follow-up time by treatment arm from a survey-derived analysis dataset using survival and broom."}
{"task": "analyst_script", "effort": "low", "ok": true, "layer": "ok", "info": "", "retry": 0, "usage": {"reasoning": 0, "total": 582}, "latency_s": 8.71, "jarl_warnings": 0, "intent": "Fit a per-parameter location model on lab QC data and tidy residuals into an outlier flag table"}
{"task": "analyst_script", "effort": "low", "ok": false, "layer": "transport", "info": "HTTP Error 429: Too Many Requests", "retry": 2, "usage": {"reasoning": 0, "total": 0}, "latency_s": 0.0, "intent": ""}
{"task": "analyst_script", "effort": "low", "ok": false, "layer": "transport", "info": "HTTP Error 429: Too Many Requests", "retry": 2, "usage": {"reasoning": 0, "total": 0}, "latency_s": 0.0, "intent": ""}
{"task": "analyst_script", "effort": "low", "ok": true, "layer": "ok", "info": "", "retry": 0, "usage": {"reasoning": 0, "total": 598}, "latency_s": 8.01, "jarl_warnings": 0, "intent": "Read PK concentration data, derive a BLQ-flag/exposure category variable with case_when, drop missing records, and summarize counts per treatment."}
{"task": "analyst_script", "effort": "low", "ok": true, "layer": "ok", "info": "", "retry": 2, "usage": {"reasoning": 24, "total": 737}, "latency_s": 8.82, "jarl_warnings": 0, "intent": "Fit a Cox model on time-to-first lab abnormality flagged from QC'd lab data and tidy the coefficient summary into a table"}
{"task": "analyst_script", "effort": "low", "ok": true, "layer": "ok", "info": "", "retry": 0, "usage": {"reasoning": 0, "total": 607}, "latency_s": 8.15, "jarl_warnings": 0, "intent": "A reusable function that summarizes mean change from baseline by treatment and visit from an ADaM ADTTE-like efficacy dataset with basic argument checks."}
{"task": "analyst_script", "effort": "low", "ok": true, "layer": "ok", "info": "", "retry": 0, "usage": {"reasoning": 0, "total": 720}, "latency_s": 17.96, "jarl_warnings": 0, "intent": "Fit a Cox proportional hazards model on oncology overall survival data by treatment arm and tidy the hazard ratios into a clean data.frame."}
{"task": "analyst_script", "effort": "low", "ok": true, "layer": "ok", "info": "", "retry": 0, "usage": {"reasoning": 83, "total": 771}, "latency_s": 13.61, "jarl_warnings": 0, "intent": "Clean and aggregate operational supply-chain data, then produce a faceted publication-style forecast plot of site-level shipment volumes by quarter."}
{"task": "analyst_script", "effort": "low", "ok": true, "layer": "ok", "info": "", "retry": 0, "usage": {"reasoning": 0, "total": 761}, "latency_s": 9.55, "jarl_warnings": 0, "intent": "Define a reusable ggplot2 helper that draws baseline-vs-post-baseline change scatter plots for a given PARAMCD from an ADaM-style data frame, with argument checks and a theme fallback."}
{"task": "analyst_script", "effort": "low", "ok": true, "layer": "ok", "info": "", "retry": 0, "usage": {"reasoning": 0, "total": 580}, "latency_s": 5.26, "jarl_warnings": 0, "intent": "Reshape oncology survival data from long ADTTE format, join with treatment assignments from ADSL, and produce a Kaplan-Meier summary table by treatment arm."}
{"task": "analyst_script", "effort": "low", "ok": true, "layer": "ok", "info": "", "retry": 0, "usage": {"reasoning": 0, "total": 692}, "latency_s": 8.89, "jarl_warnings": 0, "intent": "Derive a toxicity grade category from ADAE lab-grade columns using case_when, filter incomplete records, and tabulate by treatment with gtsummary"}
{"task": "analyst_script", "effort": "low", "ok": true, "layer": "ok", "info": "", "retry": 2, "usage": {"reasoning": 0, "total": 749}, "latency_s": 10.42, "jarl_warnings": 0, "intent": "Reusable function that fits AE incidence rates by treatment arm across many PARAMCDs using purrr+broom, with argument checks and missing-value filtering."}
{"task": "analyst_script", "effort": "low", "ok": true, "layer": "ok", "info": "", "retry": 1, "usage": {"reasoning": 0, "total": 664}, "latency_s": 9.31, "jarl_warnings": 0, "intent": "Summarize lab QC data by visit and parameter with multiple statistics and flag potential outliers based on IQR rule"}
{"task": "analyst_script", "effort": "low", "ok": true, "layer": "ok", "info": "", "retry": 1, "usage": {"reasoning": 0, "total": 772}, "latency_s": 10.4, "jarl_warnings": 0, "intent": "A reusable function that computes treatment-emergent AE rates by treatment arm from an ADAE-style data frame, with argument checks and a ggplot2 bar chart output."}
{"task": "analyst_script", "effort": "low", "ok": true, "layer": "ok", "info": "", "retry": 0, "usage": {"reasoning": 0, "total": 692}, "latency_s": 9.86, "jarl_warnings": 0, "intent": "Derive an overall response category from ADTTE/ADSL baseline and post-baseline values using case_when, then plot change from baseline by treatment with ggplot2."}
{"task": "analyst_script", "effort": "low", "ok": true, "layer": "ok", "info": "", "retry": 0, "usage": {"reasoning": 0, "total": 600}, "latency_s": 8.54, "jarl_warnings": 0, "intent": "Derive a best overall response flag from ADaM-style efficacy data and fit a survival model with broom tidying"}
{"task": "analyst_script", "effort": "low", "ok": true, "layer": "ok", "info": "", "retry": 0, "usage": {"reasoning": 0, "total": 555}, "latency_s": 6.71, "jarl_warnings": 0, "intent": "Build a summary table of change from baseline by treatment and visit from an ADaM-style dataset"}
{"task": "analyst_script", "effort": "low", "ok": true, "layer": "ok", "info": "", "retry": 0, "usage": {"reasoning": 0, "total": 725}, "latency_s": 7.11, "jarl_warnings": 0, "intent": "Read ADAE data and produce a faceted publication-style bar plot of treatment-emergent AE rates by SOC across treatment arms"}
{"task": "analyst_script", "effort": "low", "ok": true, "layer": "ok", "info": "", "retry": 0, "usage": {"reasoning": 0, "total": 531}, "latency_s": 6.03, "jarl_warnings": 0, "intent": "Compute grouped survival summary statistics (median OS, 6/12-month rates, events) by treatment arm from an oncology ADTTE dataset using data.table."}
{"task": "analyst_script", "effort": "low", "ok": true, "layer": "ok", "info": "", "retry": 0, "usage": {"reasoning": 0, "total": 685}, "latency_s": 8.43, "jarl_warnings": 0, "intent": "Derive a derived response flag from ADAS-Cog change from baseline values in an ADaM-style dataset and build a quick gtsummary table by treatment arm."}
{"task": "analyst_script", "effort": "low", "ok": true, "layer": "ok", "info": "", "retry": 0, "usage": {"reasoning": 0, "total": 833}, "latency_s": 9.58, "jarl_warnings": 0, "intent": "A reusable function that reads PK concentration data, summarizes Cmax and AUC by treatment using noncompartmental-style aggregation, and returns a ggplot of mean concentration-time profiles."}
{"task": "analyst_script", "effort": "low", "ok": true, "layer": "ok", "info": "", "retry": 2, "usage": {"reasoning": 0, "total": 842}, "latency_s": 11.88, "jarl_warnings": 0, "intent": "A reusable function that fits a Kaplan-Meier curve by treatment arm from an ADTTE-style oncology dataset and plots it with ggplot2 confidence bands and risk-table-style annotation."}
{"task": "analyst_script", "effort": "low", "ok": false, "layer": "transport", "info": "HTTP Error 429: Too Many Requests", "retry": 2, "usage": {"reasoning": 0, "total": 0}, "latency_s": 0.0, "intent": ""}
{"task": "analyst_script", "effort": "low", "ok": true, "layer": "ok", "info": "", "retry": 1, "usage": {"reasoning": 0, "total": 710}, "latency_s": 7.37, "jarl_warnings": 0, "intent": "Import ADAE data, clean up missing/whitespace codes and treatment labels, flag missing toxicity grades, and summarize AE rates by treatment arm."}
{"task": "analyst_script", "effort": "low", "ok": true, "layer": "ok", "info": "", "retry": 0, "usage": {"reasoning": 0, "total": 545}, "latency_s": 4.97, "jarl_warnings": 0, "intent": "Summarize time-to-event data by treatment arm with counts of events and median follow-up times as prep for Kaplan-Meier analysis"}
{"task": "analyst_script", "effort": "low", "ok": true, "layer": "ok", "info": "", "retry": 0, "usage": {"reasoning": 0, "total": 722}, "latency_s": 8.67, "jarl_warnings": 0, "intent": "Build an AE incidence summary table by treatment arm from an ADAE dataset, counting subjects and events with sorting by decreasing frequency."}
{"task": "analyst_script", "effort": "low", "ok": false, "layer": "parse", "info": "Error in tidyr_before : \n  The pipe operator requires a function call as RHS (<input>:9:3)\nCalls: parse\nExecution halted", "retry": 2, "usage": {"reasoning": 0, "total": 710}, "latency_s": 9.64, "jarl_warnings": 0, "intent": "An oncology analyst reshapes ADTT-style time-to-event data wide, joins it with baseline ADSL demographics, and prepares counts for a KM plot."}
{"task": "analyst_script", "effort": "low", "ok": true, "layer": "ok", "info": "", "retry": 0, "usage": {"reasoning": 0, "total": 702}, "latency_s": 8.06, "jarl_warnings": 0, "intent": "Summarize non-compartmental PK parameters by treatment using data.table and plot mean concentration-time profiles with ggplot2"}
{"task": "analyst_script", "effort": "low", "ok": true, "layer": "ok", "info": "", "retry": 0, "usage": {"reasoning": 0, "total": 604}, "latency_s": 5.75, "jarl_warnings": 0, "intent": "Compute grouped time-to-event summary stats (events, median OS, 12-month survival rate) by treatment arm from an ADTTE-style dataset using data.table"}
{"task": "analyst_script", "effort": "low", "ok": true, "layer": "ok", "info": "", "retry": 0, "usage": {"reasoning": 0, "total": 561}, "latency_s": 5.02, "jarl_warnings": 0, "intent": "Fit per-gene linear models of log-expression versus treatment arm across many genes using a SummarizedExperiment, then tidy and bind the results into one table."}
{"task": "analyst_script", "effort": "low", "ok": true, "layer": "ok", "info": "", "retry": 0, "usage": {"reasoning": 0, "total": 589}, "latency_s": 6.27, "jarl_warnings": 0, "intent": "Fit logrank-style lm models per PARAMCD on ADTTE-derived efficacy data and build a tidy summary table with broom and purrr."}
{"task": "analyst_script", "effort": "low", "ok": true, "layer": "ok", "info": "", "retry": 0, "usage": {"reasoning": 0, "total": 637}, "latency_s": 7.74, "jarl_warnings": 0, "intent": "Join ADTT-style time-to-event data with a treatment/exposure table, pivot exposure records wide by visit, and fit a Cox model with broom tidy-up"}
{"task": "analyst_script", "effort": "low", "ok": true, "layer": "ok", "info": "", "retry": 0, "usage": {"reasoning": 0, "total": 556}, "latency_s": 7.83, "jarl_warnings": 0, "intent": "Reshape PK concentration data from long to wide and join with subject-level dose information for NCA summary prep"}
{"task": "analyst_script", "effort": "low", "ok": true, "layer": "ok", "info": "", "retry": 0, "usage": {"reasoning": 0, "total": 508}, "latency_s": 5.09, "jarl_warnings": 0, "intent": "Import daily dispensing volume data from CSV, standardize missing codes, and filter incomplete records for downstream forecasting"}
{"task": "analyst_script", "effort": "low", "ok": true, "layer": "ok", "info": "", "retry": 0, "usage": {"reasoning": 0, "total": 733}, "latency_s": 9.25, "jarl_warnings": 0, "intent": "Define a reusable, argument-checked function that fits a Cox model on oncology survival data and returns a formatted gtsummary table"}
{"task": "analyst_script", "effort": "low", "ok": true, "layer": "ok", "info": "", "retry": 0, "usage": {"reasoning": 0, "total": 648}, "latency_s": 9.14, "jarl_warnings": 0, "intent": "Import ADaM-style oncology survival data, clean missing/exclusion codes, and fit Kaplan-Meier and Cox models per treatment arm using a broom+purrr many-models pattern."}
{"task": "analyst_script", "effort": "low", "ok": true, "layer": "ok", "info": "", "retry": 0, "usage": {"reasoning": 0, "total": 692}, "latency_s": 10.64, "jarl_warnings": 0, "intent": "Fit lm models per PARAMCD on ADTTE-derived efficacy data and plot faceted treatment-arm slopes using broom+purrr many-models pattern"}
{"task": "analyst_script", "effort": "low", "ok": true, "layer": "ok", "info": "", "retry": 0, "usage": {"reasoning": 0, "total": 649}, "latency_s": 8.48, "jarl_warnings": 0, "intent": "Derive a gene-expression tier variable from log2FC and padj columns in a SummarizedExperiment-derived data.table and plot counts per tier."}
{"task": "analyst_script", "effort": "low", "ok": true, "layer": "ok", "info": "", "retry": 0, "usage": {"reasoning": 0, "total": 555}, "latency_s": 4.66, "jarl_warnings": 0, "intent": "Import oncology ADaM data, clean missing/censor codes, and prepare a survival analysis dataset"}
{"task": "analyst_script", "effort": "low", "ok": true, "layer": "ok", "info": "", "retry": 0, "usage": {"reasoning": 0, "total": 633}, "latency_s": 8.63, "jarl_warnings": 0, "intent": "Derive a dichotomized efficacy responder flag from ADTTE/BASE values using case_when, filter incomplete records, and tabulate responders by treatment arm"}
{"task": "finish_block", "effort": "low", "ok": false, "layer": "parse", "info": " unexpected symbol\n13: jac <- model$compute$ Jacobian()\n14: if (standardize) jac <- model$compute$outStandardized Jacobi", "retry": 0, "usage": {"reasoning": 0, "total": 687}, "latency_s": 10.69, "jarl_warnings": 0, "intent": "Estimate the Jacobian of the manifest model (means, covariance, thresholds of manifest variables) with respect to free parameters via central finite differences, optionally on the standardized scale."}
{"task": "finish_block", "effort": "low", "ok": true, "layer": "ok", "info": "", "retry": 0, "usage": {"reasoning": 0, "total": 402}, "latency_s": 4.7, "jarl_warnings": 0, "intent": "Returns the list of optimizer names available in the current OpenMx build."}
{"task": "finish_block", "effort": "low", "ok": true, "layer": "ok", "info": "", "retry": 0, "usage": {"reasoning": 0, "total": 550}, "latency_s": 6.31, "jarl_warnings": 0, "intent": "Compute tidy descriptive statistics (mean, sd, min, max, etc.) for selected columns of a data frame, returning a tibble."}
{"task": "finish_block", "effort": "low", "ok": true, "layer": "ok", "info": "", "retry": 0, "usage": {"reasoning": 0, "total": 686}, "latency_s": 5.34, "jarl_warnings": 0, "intent": "Fetches COVID-19 totals for all continents from the disease.sh API and returns them as a cleaned data frame."}
{"task": "finish_block", "effort": "low", "ok": true, "layer": "ok", "info": "", "retry": 0, "usage": {"reasoning": 49, "total": 486}, "latency_s": 5.33, "jarl_warnings": 0, "intent": "Builds an unevaluated import call (e.g. get()/getExportedValue()) with the given parameters substituted in, honoring exports_only."}
{"task": "finish_block", "effort": "low", "ok": true, "layer": "ok", "info": "", "retry": 0, "usage": {"reasoning": 26, "total": 540}, "latency_s": 4.19, "jarl_warnings": 0, "intent": "Resize an MxMatrix to new dimnames, preserving entries whose row/column names overlap between old and new dimnames."}
{"task": "finish_block", "effort": "low", "ok": true, "layer": "ok", "info": "", "retry": 0, "usage": {"reasoning": 0, "total": 562}, "latency_s": 7.73, "jarl_warnings": 0, "intent": "Builds an SQL INSERT INTO statement with parameter placeholders for appending rows to a table."}
{"task": "finish_block", "effort": "low", "ok": true, "layer": "ok", "info": "", "retry": 0, "usage": {"reasoning": 0, "total": 640}, "latency_s": 6.77, "jarl_warnings": 0, "intent": "Parses a character string into an R expression and passes it to mxAlgebra to create an MxAlgebra object."}
{"task": "finish_block", "effort": "low", "ok": true, "layer": "ok", "info": "", "retry": 0, "usage": {"reasoning": 12, "total": 621}, "latency_s": 4.22, "jarl_warnings": 0, "intent": "Imports selected objects from a package or module into a named environment attached on the search path."}
{"task": "finish_block", "effort": "low", "ok": true, "layer": "ok", "info": "", "retry": 0, "usage": {"reasoning": 0, "total": 662}, "latency_s": 6.15, "jarl_warnings": 0, "intent": "Construct and register a checkpoint compute step that logs parameters and model state to disk or memory using omxParallelCheckpoint or similar machinery."}
{"task": "finish_block", "effort": "low", "ok": true, "layer": "ok", "info": "", "retry": 0, "usage": {"reasoning": 0, "total": 688}, "latency_s": 6.21, "jarl_warnings": 0, "intent": "Fetches COVID-19 totals for all countries from the disease.sh API with optional filters and returns a tidy data frame."}
{"task": "finish_block", "effort": "low", "ok": true, "layer": "ok", "info": "", "retry": 1, "usage": {"reasoning": 0, "total": 462}, "latency_s": 6.31, "jarl_warnings": 0, "intent": "Retrieve the stored POSIXct modification time of a script file from its script environment, resolving file names against an optional directory."}
{"task": "finish_block", "effort": "low", "ok": false, "layer": "json", "info": "schema/structure fail", "retry": 0, "usage": {"reasoning": 25, "total": 320}, "latency_s": 8.34, "jarl_warnings": 0, "intent": "Create a dummy DBI connector (driver/identifier) that indicates ANSI-SQL compliance for use in SQL translation."}
{"task": "finish_block", "effort": "low", "ok": true, "layer": "ok", "info": "", "retry": 0, "usage": {"reasoning": 0, "total": 410}, "latency_s": 4.64, "jarl_warnings": 0, "intent": "Combine a working directory and file name, returning absolute file names unchanged and relative paths joined via file.path()."}
{"task": "finish_block", "effort": "low", "ok": true, "layer": "ok", "info": "", "retry": 0, "usage": {"reasoning": 0, "total": 624}, "latency_s": 7.0, "jarl_warnings": 0, "intent": "Fetches worldwide COVID-19 statistics from the disease.sh API and returns them as a one-row data frame with human-readable update time."}
{"task": "finish_block", "effort": "low", "ok": true, "layer": "ok", "info": "", "retry": 0, "usage": {"reasoning": 4, "total": 460}, "latency_s": 8.54, "jarl_warnings": 0, "intent": "Construct an Id object from one or more name components representing a nested hierarchy (e.g. schema, table), storing them as the name slot of an S4 object of class Id."}
{"task": "finish_block", "effort": "low", "ok": true, "layer": "ok", "info": "", "retry": 0, "usage": {"reasoning": 19, "total": 572}, "latency_s": 9.88, "jarl_warnings": 0, "intent": "Save the current state of an OpenMx model to a tab-delimited checkpoint file using the model's checkpoint directory and prefix options."}
{"task": "finish_block", "effort": "low", "ok": true, "layer": "ok", "info": "", "retry": 2, "usage": {"reasoning": 0, "total": 674}, "latency_s": 7.24, "jarl_warnings": 0, "intent": "Retrieves CDC ILI data for 2019-2020 influenza seasons from the CDC's public XML/CSV feed and returns a list with timestamp, source, and a tidy data frame of weekly ILI counts by age group."}
{"task": "finish_block", "effort": "low", "ok": false, "layer": "transport", "info": "HTTP Error 429: Too Many Requests", "retry": 2, "usage": {"reasoning": 0, "total": 0}, "latency_s": 0.0, "intent": ""}
{"task": "finish_block", "effort": "low", "ok": false, "layer": "transport", "info": "HTTP Error 429: Too Many Requests", "retry": 2, "usage": {"reasoning": 0, "total": 0}, "latency_s": 0.0, "intent": ""}
{"task": "finish_block", "effort": "low", "ok": true, "layer": "ok", "info": "", "retry": 0, "usage": {"reasoning": 32, "total": 654}, "latency_s": 12.4, "jarl_warnings": 0, "intent": "Display a palette as a choropleth of U.S. counties by assigning palette colors to county groups."}
{"task": "finish_block", "effort": "low", "ok": true, "layer": "ok", "info": "", "retry": 0, "usage": {"reasoning": 0, "total": 505}, "latency_s": 7.42, "jarl_warnings": 0, "intent": "Creates a frequency table for each categorical variable selected in a data frame."}
{"task": "finish_block", "effort": "low", "ok": true, "layer": "ok", "info": "", "retry": 1, "usage": {"reasoning": 9, "total": 413}, "latency_s": 4.3, "jarl_warnings": 0, "intent": "Low-level wrapper that calls compiled C code to write a diagnostic string to standard error, exposed only for testing."}
{"task": "finish_block", "effort": "low", "ok": true, "layer": "ok", "info": "", "retry": 2, "usage": {"reasoning": 0, "total": 626}, "latency_s": 7.08, "jarl_warnings": 0, "intent": "Generates a perceptually improving Cubehelix color palette of n colors interpolating a helix in RGB space with controllable start angle, rotations, saturation (hue), and gamma correction."}
{"task": "finish_block", "effort": "low", "ok": true, "layer": "ok", "info": "", "retry": 0, "usage": {"reasoning": 0, "total": 414}, "latency_s": 4.29, "jarl_warnings": 0, "intent": "Checks whether the given name is an existing file ending in .R or .r, indicating it is an R script rather than a package."}
{"task": "finish_block", "effort": "low", "ok": true, "layer": "ok", "info": "", "retry": 1, "usage": {"reasoning": 0, "total": 287}, "latency_s": 2.29, "jarl_warnings": 0, "intent": "Return the version of the DBI package currently installed."}
{"task": "finish_block", "effort": "low", "ok": true, "layer": "ok", "info": "", "retry": 1, "usage": {"reasoning": 0, "total": 593}, "latency_s": 3.67, "jarl_warnings": 0, "intent": "Screens a data frame and returns variable names, class, levels, and missing value counts as a ds_screener object."}
{"task": "finish_block", "effort": "low", "ok": true, "layer": "ok", "info": "", "retry": 2, "usage": {"reasoning": 0, "total": 577}, "latency_s": 4.67, "jarl_warnings": 0, "intent": "Compute descriptive statistics (min, max, mean, median, mode, variance, sd, skewness, kurtosis, quantiles) for one or more continuous variables supplied via tidy dots."}
{"task": "finish_block", "effort": "low", "ok": true, "layer": "ok", "info": "", "retry": 0, "usage": {"reasoning": 0, "total": 762}, "latency_s": 5.32, "jarl_warnings": 0, "intent": "Computes a two-way cross tabulation of two categorical variables with counts and proportions, returning an object of class cross_table."}
{"task": "finish_block", "effort": "low", "ok": true, "layer": "ok", "info": "", "retry": 0, "usage": {"reasoning": 13, "total": 717}, "latency_s": 6.02, "jarl_warnings": 0, "intent": "Display each palette/colormap as a horizontal colored band so distinctness (discrete) and smoothness (continuous) can be judged visually."}
{"task": "finish_block", "effort": "low", "ok": true, "layer": "ok", "info": "", "retry": 0, "usage": {"reasoning": 0, "total": 320}, "latency_s": 2.23, "jarl_warnings": 0, "intent": "Evaluates the expression while suppressing package startup messages."}
{"task": "finish_block", "effort": "low", "ok": true, "layer": "ok", "info": "", "retry": 0, "usage": {"reasoning": 0, "total": 496}, "latency_s": 3.29, "jarl_warnings": 0, "intent": "Assigns a value only if the name is not already bound to a different value in the target environment, otherwise signals an error."}
{"task": "finish_block", "effort": "low", "ok": true, "layer": "ok", "info": "", "retry": 0, "usage": {"reasoning": 0, "total": 518}, "latency_s": 3.09, "jarl_warnings": 0, "intent": "Lists dataset names exported by the infectiousR package, erroring if the package is not loaded and returning an empty character vector if none exist."}
{"task": "finish_block", "effort": "low", "ok": true, "layer": "ok", "info": "", "retry": 0, "usage": {"reasoning": 0, "total": 571}, "latency_s": 4.32, "jarl_warnings": 0, "intent": "Compute mean, median and mode for specified numeric columns or vectors and return them rounded to a given number of decimals."}
{"task": "finish_block", "effort": "low", "ok": true, "layer": "ok", "info": "", "retry": 0, "usage": {"reasoning": 0, "total": 562}, "latency_s": 3.79, "jarl_warnings": 0, "intent": "Converts ellipsis arguments into a named character vector, using rlang to ensure all entries are named and treating values as names when missing."}
{"task": "finish_block", "effort": "low", "ok": true, "layer": "ok", "info": "", "retry": 0, "usage": {"reasoning": 6, "total": 679}, "latency_s": 7.38, "jarl_warnings": 0, "intent": "Creates a list of OpenMx MxMarginalPoisson objects for the given manifest variables with Poisson means, zero inflation, and parameter metadata."}
{"task": "finish_block", "effort": "low", "ok": true, "layer": "ok", "info": "", "retry": 0, "usage": {"reasoning": 0, "total": 509}, "latency_s": 4.32, "jarl_warnings": 0, "intent": "Compute summary statistics and frequency tables for the specified continuous columns (or all columns) in the supplied data frame."}
{"task": "finish_block", "effort": "low", "ok": true, "layer": "ok", "info": "", "retry": 0, "usage": {"reasoning": 0, "total": 553}, "latency_s": 5.01, "jarl_warnings": 0, "intent": "Computes a frequency table (frequency, cumulative frequency, percent and cumulative percent) for a categorical or continuous variable in a data frame."}
{"task": "finish_block", "effort": "low", "ok": true, "layer": "ok", "info": "", "retry": 1, "usage": {"reasoning": 0, "total": 602}, "latency_s": 4.08, "jarl_warnings": 0, "intent": "Fetches real-time COVID-19 statistics for U.S. states and territories from the disease.sh API and returns them as a tidy data frame."}
{"task": "finish_block", "effort": "low", "ok": true, "layer": "ok", "info": "", "retry": 2, "usage": {"reasoning": 0, "total": 540}, "latency_s": 6.12, "jarl_warnings": 0, "intent": "Detects if x has the canonical generic.class S3 method form and, if so, registers it via s3_register in the given environment."}
{"task": "finish_block", "effort": "low", "ok": true, "layer": "ok", "info": "", "retry": 0, "usage": {"reasoning": 0, "total": 553}, "latency_s": 4.26, "jarl_warnings": 0, "intent": "Parses a package specification string into the package name and a loadNamespace-compatible version check list."}
{"task": "finish_block", "effort": "low", "ok": true, "layer": "ok", "info": "", "retry": 1, "usage": {"reasoning": 0, "total": 457}, "latency_s": 5.84, "jarl_warnings": 0, "intent": "Returns a data frame listing each palette function in the pals package with its maximum number of colors."}
{"task": "finish_block", "effort": "low", "ok": true, "layer": "ok", "info": "", "retry": 1, "usage": {"reasoning": 0, "total": 751}, "latency_s": 7.21, "jarl_warnings": 0, "intent": "Fetch COVID-19 totals for a specific country from the disease.sh API and return a one-row data frame with parsed fields."}
{"task": "finish_block", "effort": "low", "ok": true, "layer": "ok", "info": "", "retry": 0, "usage": {"reasoning": 0, "total": 460}, "latency_s": 3.16, "jarl_warnings": 0, "intent": "Creates scatter plots of continuous variables in the data, either selected columns via ... or all continuous variables by default."}
{"task": "finish_block", "effort": "low", "ok": true, "layer": "ok", "info": "", "retry": 0, "usage": {"reasoning": 0, "total": 596}, "latency_s": 6.25, "jarl_warnings": 0, "intent": "Compute descriptive statistics of a continuous variable grouped by combinations of two or more categorical variables."}
{"task": "finish_block", "effort": "low", "ok": true, "layer": "ok", "info": "", "retry": 0, "usage": {"reasoning": 51, "total": 547}, "latency_s": 6.14, "jarl_warnings": 0, "intent": "Sanitize a character vector into valid OpenMx matrix names by replacing disallowed characters with dots and ensuring names do not start with a digit, optionally making them unique."}
{"task": "finish_block", "effort": "low", "ok": true, "layer": "ok", "info": "", "retry": 0, "usage": {"reasoning": 0, "total": 463}, "latency_s": 4.75, "jarl_warnings": 0, "intent": "Launch the descriptr Shiny app via the shiny package, aborting if shiny is not installed."}
{"task": "finish_block", "effort": "low", "ok": true, "layer": "ok", "info": "", "retry": 0, "usage": {"reasoning": 0, "total": 434}, "latency_s": 3.16, "jarl_warnings": 0, "intent": "Construct an SQL object marking character strings as pre-escaped so DBI functions do not escape them again."}
{"task": "finish_block", "effort": "low", "ok": true, "layer": "ok", "info": "", "retry": 0, "usage": {"reasoning": 0, "total": 357}, "latency_s": 2.59, "jarl_warnings": 0, "intent": "Compute the standard error of the mean of a numeric vector."}
{"task": "finish_block", "effort": "low", "ok": true, "layer": "ok", "info": "", "retry": 0, "usage": {"reasoning": 162, "total": 638}, "latency_s": 6.26, "jarl_warnings": 0, "intent": "Returns an HTML img link badge for the given lifecycle stage for use in help pages."}
{"task": "analyst_script", "effort": "high", "ok": true, "layer": "ok", "info": "", "retry": 0, "usage": {"reasoning": 2104, "total": 2807}, "latency_s": 36.71, "jarl_warnings": 0, "intent": "Builds faceted hepatic lab shift plots (worst post-baseline vs. baseline values) by treatment from an in-scope ADLB safety dataset."}
{"task": "analyst_script", "effort": "high", "ok": true, "layer": "ok", "info": "", "retry": 0, "usage": {"reasoning": 1315, "total": 1926}, "latency_s": 24.01, "jarl_warnings": 0, "intent": "Read an ADPP-style NCA parameter dataset, drop missing/nonpositive values, and compute geometric mean, CV%, median, and range of PK parameters by treatment, parameter code, and visit using data.table."}
{"task": "analyst_script", "effort": "high", "ok": true, "layer": "ok", "info": "", "retry": 0, "usage": {"reasoning": 1247, "total": 2031}, "latency_s": 27.51, "jarl_warnings": 0, "intent": "Fit a Cox proportional hazards model on ADTTE time-to-event data for the PFS primary endpoint, merging covariates from ADSL, then tidy the hazard ratios and p-values into a summary table."}
{"task": "analyst_script", "effort": "high", "ok": true, "layer": "ok", "info": "", "retry": 0, "usage": {"reasoning": 2447, "total": 3088}, "latency_s": 51.21, "jarl_warnings": 0, "intent": "Shiny server reactive that reads an ADaM-style QS dataset, fits an ANCOVA (AVAL ~ BASE + TRTP) for the user-selected parameter and visit, and returns a tidied coefficient table, caching results to a temp .rds file that is cleaned up via on.exit()."}
{"task": "analyst_script", "effort": "high", "ok": true, "layer": "ok", "info": "", "retry": 0, "usage": {"reasoning": 1636, "total": 2390}, "latency_s": 38.58, "jarl_warnings": 0, "intent": "Import daily contact-centre volume data from CSV, clean the IVR export's missing codes (-999/blank), roll up to weekly totals per channel, and plot the cleaned trend for forecasting."}
{"task": "analyst_script", "effort": "high", "ok": true, "layer": "ok", "info": "", "retry": 2, "usage": {"reasoning": 3035, "total": 3811}, "latency_s": 50.74, "jarl_warnings": 0, "intent": "Read a BRFSS survey file, clean out records with missing/zero sample weights, derive a 3-level self-rated health variable and a smoking category via case_when, then plot weighted proportions with ggplot2 and scales."}
{"task": "analyst_script", "effort": "high", "ok": false, "layer": "transport", "info": "HTTP Error 429: Too Many Requests", "retry": 2, "usage": {"reasoning": 0, "total": 0}, "latency_s": 0.0, "intent": ""}
{"task": "analyst_script", "effort": "high", "ok": false, "layer": "json", "info": "schema/structure fail", "retry": 0, "usage": {"reasoning": 3526, "total": 4326}, "latency_s": 60.88, "jarl_warnings": 0, "intent": "Reads an NHANES-style demographics/smoking extract via a connection with on.exit() cleanup, converts refused/don't-know codes and blanks to NA, keeps analysable weighted records, and produces a quick weighted sex distribution chart."}
{"task": "analyst_script", "effort": "high", "ok": false, "layer": "transport", "info": "Expecting value: line 1 column 1 (char 0)", "retry": 2, "usage": {"reasoning": 0, "total": 0}, "latency_s": 0.0, "intent": ""}
{"task": "analyst_script", "effort": "high", "ok": false, "layer": "transport", "info": "HTTP Error 429: Too Many Requests", "retry": 2, "usage": {"reasoning": 0, "total": 0}, "latency_s": 0.0, "intent": ""}
{"task": "analyst_script", "effort": "high", "ok": false, "layer": "transport", "info": "HTTP Error 429: Too Many Requests", "retry": 2, "usage": {"reasoning": 0, "total": 0}, "latency_s": 0.0, "intent": ""}
{"task": "analyst_script", "effort": "high", "ok": true, "layer": "ok", "info": "", "retry": 0, "usage": {"reasoning": 2084, "total": 2824}, "latency_s": 35.01, "jarl_warnings": 0, "intent": "Reads ADaM-style lab data, builds a per-PARAMCD/AVISIT summary table with descriptive stats and 3SD outlier counts via data.table, and adds a QC boxplot with ggplot2."}
{"task": "analyst_script", "effort": "high", "ok": true, "layer": "ok", "info": "", "retry": 1, "usage": {"reasoning": 1872, "total": 2894}, "latency_s": 36.15, "jarl_warnings": 0, "intent": "Fit IPTW-weighted Kaplan-Meier overall-survival curves by treatment with survival::survfit, tidy them via broom, and draw publication-style step plots faceted over pre-specified subgroups using base graphics."}
{"task": "analyst_script", "effort": "high", "ok": true, "layer": "ok", "info": "", "retry": 0, "usage": {"reasoning": 1581, "total": 2330}, "latency_s": 38.41, "jarl_warnings": 0, "intent": "Read non-compartmental PK parameter data, derive exposure tertile groups from AUCinf via case_when, log output with sink/on.exit cleanup, and screen time-to-first-AE hazard ratios using a Cox model tidied by broom."}
{"task": "analyst_script", "effort": "high", "ok": false, "layer": "json", "info": "schema/structure fail", "retry": 0, "usage": {"reasoning": 3719, "total": 4320}, "latency_s": 58.62, "jarl_warnings": 0, "intent": "Reads an ADLB-style lab dataset, flags potentially outlying AVAL/BASE swings within each PARAMCD using a crude 3xIQR rule on log ratios, then builds a tidied Kaplan-Meier summary table (via survfit + broom::tidy) of time-to-first-flagged-value by treatment."}
{"task": "analyst_script", "effort": "high", "ok": false, "layer": "transport", "info": "Expecting value: line 1 column 1 (char 0)", "retry": 2, "usage": {"reasoning": 0, "total": 0}, "latency_s": 0.0, "intent": ""}
{"task": "analyst_script", "effort": "high", "ok": true, "layer": "ok", "info": "", "retry": 0, "usage": {"reasoning": 3222, "total": 4100}, "latency_s": 62.89, "jarl_warnings": 0, "intent": "Fits a Kaplan-Meier curve and a Cox proportional hazards model for overall survival from an ADTTE-style oncology dataset, lumping sparse treatment levels, tidying the hazard ratios into a reportable data.frame, and restoring global contrast options via on.exit()."}
{"task": "analyst_script", "effort": "high", "ok": true, "layer": "ok", "info": "", "retry": 0, "usage": {"reasoning": 1687, "total": 2381}, "latency_s": 33.87, "jarl_warnings": 0, "intent": "Clean weekly site-enrollment operational data with dplyr, run a quick gtsummary table by region, and draw a faceted base-graphics time series plot of actual enrollment vs a 4-week moving average per region."}
{"task": "analyst_script", "effort": "high", "ok": true, "layer": "ok", "info": "", "retry": 0, "usage": {"reasoning": 1777, "total": 2596}, "latency_s": 38.82, "jarl_warnings": 0, "intent": "A reusable ggplot2 helper for Rmd report chunks that reads a BDS extract and plots mean change from baseline by visit/treatment with SE bars, including column checks and theme cleanup via on.exit()"}
{"task": "analyst_script", "effort": "high", "ok": true, "layer": "ok", "info": "", "retry": 2, "usage": {"reasoning": 811, "total": 1474}, "latency_s": 23.15, "jarl_warnings": 0, "intent": "Build a one-row-per-subject OS analysis dataset by filtering the time-to-event and response ADaM tables, joining them on USUBJID, reshaping response parameters wide with base reshape(), and summarizing by treatment with gtsummary."}
{"task": "analyst_script", "effort": "high", "ok": true, "layer": "ok", "info": "", "retry": 0, "usage": {"reasoning": 2065, "total": 2903}, "latency_s": 35.98, "jarl_warnings": 0, "intent": "Derive a baseline-to-worst post-baseline toxicity grade shift variable (case_when) from an ADLB snapshot and summarize shift percentages by treatment with gtsummary."}
{"task": "analyst_script", "effort": "high", "ok": false, "layer": "json", "info": "schema/structure fail", "retry": 0, "usage": {"reasoning": 3523, "total": 4340}, "latency_s": 60.81, "jarl_warnings": 0, "intent": "Reads ADAE/ADSL extracts and defines a reusable, argument-checked function that fits one logistic model per adverse event preferred term (many-models purrr + broom pattern) to estimate treatment-arm odds ratios with CIs, restoring global contrasts options on exit."}
{"task": "analyst_script", "effort": "high", "ok": true, "layer": "ok", "info": "", "retry": 0, "usage": {"reasoning": 2944, "total": 3668}, "latency_s": 50.73, "jarl_warnings": 0, "intent": "Reads ADLB-style lab data, computes grouped QC statistics (n, mean, SD, median, quartiles) by test/visit/treatment with IQR outlier fences, and joins back to flag individual out-of-range records for review."}
{"task": "analyst_script", "effort": "high", "ok": false, "layer": "transport", "info": "Expecting value: line 1 column 1 (char 0)", "retry": 2, "usage": {"reasoning": 0, "total": 0}, "latency_s": 0.0, "intent": ""}
{"task": "analyst_script", "effort": "high", "ok": true, "layer": "ok", "info": "", "retry": 1, "usage": {"reasoning": 2686, "total": 3363}, "latency_s": 47.71, "jarl_warnings": 0, "intent": "Read ADaM ADVS from csv, derive an SBP response category at Week 12 using case_when, and plot stacked response proportions by treatment with percent labels."}
{"task": "analyst_script", "effort": "high", "ok": true, "layer": "ok", "info": "", "retry": 0, "usage": {"reasoning": 2646, "total": 3289}, "latency_s": 42.02, "jarl_warnings": 0, "intent": "In an Rmd report chunk, read an ADTTE-style dataset, derive an event indicator from the censoring flag via case_when (with a duration fallback), and fit/tidy a Cox model by treatment to produce the hazard-ratio table."}
{"task": "analyst_script", "effort": "high", "ok": true, "layer": "ok", "info": "", "retry": 0, "usage": {"reasoning": 3167, "total": 3781}, "latency_s": 55.79, "jarl_warnings": 0, "intent": "Read an ADaM-style efficacy extract via a small helper that closes the file connection with on.exit(), then build a change-from-baseline summary table by treatment, parameter, and visit."}
{"task": "analyst_script", "effort": "high", "ok": false, "layer": "transport", "info": "Expecting value: line 1 column 1 (char 0)", "retry": 2, "usage": {"reasoning": 0, "total": 0}, "latency_s": 0.0, "intent": ""}
{"task": "analyst_script", "effort": "high", "ok": true, "layer": "ok", "info": "", "retry": 0, "usage": {"reasoning": 626, "total": 1219}, "latency_s": 17.09, "jarl_warnings": 0, "intent": "Read an ADaM time-to-event dataset and produce grouped summary stats (N, events, crude median, censoring %) by treatment and parameter, with data.table thread management via on.exit()."}
{"task": "analyst_script", "effort": "high", "ok": true, "layer": "ok", "info": "", "retry": 0, "usage": {"reasoning": 1259, "total": 2074}, "latency_s": 28.22, "jarl_warnings": 0, "intent": "Reads an ADRS-style efficacy extract via a file connection, derives a 4-level Week 24 response category from AVAL/BASE using case_when, and feeds it into a treatment-grouped gtsummary frequency table for the report."}
{"task": "analyst_script", "effort": "high", "ok": false, "layer": "transport", "info": "Expecting value: line 1 column 1 (char 0)", "retry": 2, "usage": {"reasoning": 0, "total": 0}, "latency_s": 0.0, "intent": ""}
{"task": "analyst_script", "effort": "high", "ok": false, "layer": "json", "info": "schema/structure fail", "retry": 1, "usage": {"reasoning": 3572, "total": 4329}, "latency_s": 69.72, "jarl_warnings": 0, "intent": "Defines and calls a reusable plot_km() function that computes Kaplan-Meier survival curves from an ADTTE-style oncology time-to-event dataset (with argument checks) and renders grouped step curves in ggplot2 with a percent-scaled y-axis."}
{"task": "analyst_script", "effort": "high", "ok": true, "layer": "ok", "info": "", "retry": 0, "usage": {"reasoning": 2865, "total": 3565}, "latency_s": 50.29, "jarl_warnings": 0, "intent": "Build a CSR-style summary of ADLB lipid analytes (CHOL, LDL, HDL) by treatment, parameter, and visit (n, mean, sd, median) with missing-value filtering and a cached-data fallback, then plot mean\u00b1SD profiles per analyte."}
{"task": "analyst_script", "effort": "high", "ok": true, "layer": "ok", "info": "", "retry": 0, "usage": {"reasoning": 3290, "total": 4165}, "latency_s": 50.37, "jarl_warnings": 0, "intent": "Import ADAE and ADLB safety extracts, standardize missing-value codes, clean treatment/severity/reference-range levels, re-derive missing change-from-baseline, and produce a quick AE-rate sanity check by treatment arm."}
{"task": "analyst_script", "effort": "high", "ok": true, "layer": "ok", "info": "", "retry": 1, "usage": {"reasoning": 1355, "total": 2088}, "latency_s": 31.44, "jarl_warnings": 0, "intent": "Read an ADTTE time-to-event dataset and produce a grouped summary (subjects, events, crude median/IQR/range of time-to-event) by parameter and treatment arm, flagging arms where the median is not reached."}
{"task": "analyst_script", "effort": "high", "ok": true, "layer": "ok", "info": "", "retry": 0, "usage": {"reasoning": 1907, "total": 2680}, "latency_s": 35.11, "jarl_warnings": 0, "intent": "Build a baseline-to-worst-post-baseline lab shift summary table (BNRIND x ANRIND by treatment and parameter) from an ADLB dataset for safety review."}
{"task": "analyst_script", "effort": "high", "ok": true, "layer": "ok", "info": "", "retry": 0, "usage": {"reasoning": 3360, "total": 4230}, "latency_s": 60.19, "jarl_warnings": 0, "intent": "Filters and reshapes oncology time-to-event (ADTTE) data from long to one row per subject, joins ADSL demographics, derives an OS event flag from CNSR with a censoring fallback, and saves a boxplot of OS times by treatment arm as a sanity check before KM/Cox fitting."}
{"task": "analyst_script", "effort": "high", "ok": true, "layer": "ok", "info": "", "retry": 0, "usage": {"reasoning": 2011, "total": 2853}, "latency_s": 39.07, "jarl_warnings": 0, "intent": "Run a lightweight non-compartmental terminal-phase analysis on PK concentration data, regressing log-concentration on time per subject/treatment to derive lambda_z and half-life, with console output sunk to a log file and cleaned up via on.exit()."}
{"task": "analyst_script", "effort": "high", "ok": true, "layer": "ok", "info": "", "retry": 0, "usage": {"reasoning": 1864, "total": 2554}, "latency_s": 37.76, "jarl_warnings": 0, "intent": "Build a grouped summary table (subjects, events, median OS via KM, median follow-up via reverse KM) by treatment arm from an ADaM time-to-event dataset for the OS endpoint."}
{"task": "analyst_script", "effort": "high", "ok": false, "layer": "json", "info": "schema/structure fail", "retry": 0, "usage": {"reasoning": 3820, "total": 4337}, "latency_s": 83.23, "jarl_warnings": 0, "intent": "Read a genes-by-samples TPM matrix plus sample metadata, reshape the matrix wide-to-long with base reshape(), join it to the phenotype table, then fit one linear model per gene and stack the tidied coefficients with purrr/broom."}
{"task": "analyst_script", "effort": "high", "ok": true, "layer": "ok", "info": "", "retry": 0, "usage": {"reasoning": 1829, "total": 2523}, "latency_s": 46.56, "jarl_warnings": 0, "intent": "Fit one ANCOVA of change-from-baseline at Week 12 per efficacy endpoint (PARAMCD) across ITT subjects, then collapse the broom-tidied model results into a single summary table object."}
{"task": "analyst_script", "effort": "high", "ok": false, "layer": "transport", "info": "Expecting value: line 1 column 1 (char 0)", "retry": 2, "usage": {"reasoning": 0, "total": 0}, "latency_s": 0.0, "intent": ""}
{"task": "analyst_script", "effort": "high", "ok": true, "layer": "ok", "info": "", "retry": 0, "usage": {"reasoning": 1587, "total": 2232}, "latency_s": 33.4, "jarl_warnings": 0, "intent": "Read PC-domain concentration-time data and long-format NCA parameters, reshape the NCA parameters to wide by PARAMCD, join them by USUBJID, and plot concentration-time profiles by treatment on a log y-axis."}
{"task": "analyst_script", "effort": "high", "ok": true, "layer": "ok", "info": "", "retry": 0, "usage": {"reasoning": 411, "total": 993}, "latency_s": 13.64, "jarl_warnings": 0, "intent": "Import a daily operational shipments extract with fread, convert missing-value sentinels (-999, blank, dot) to NA, coerce dates, drop unusable rows, and de-duplicate to one record per site-day for downstream forecasting."}
{"task": "analyst_script", "effort": "high", "ok": true, "layer": "ok", "info": "", "retry": 0, "usage": {"reasoning": 1913, "total": 2774}, "latency_s": 38.28, "jarl_warnings": 0, "intent": "A reusable function that builds a gtsummary Kaplan-Meier survival table (with survival times and CIs at specified months) from ADTTE-style oncology data, with argument checks, missing-value filtering, and theme cleanup via on.exit()."}
{"task": "analyst_script", "effort": "high", "ok": false, "layer": "transport", "info": "Expecting value: line 1 column 1 (char 0)", "retry": 2, "usage": {"reasoning": 0, "total": 0}, "latency_s": 0.0, "intent": ""}
{"task": "analyst_script", "effort": "high", "ok": false, "layer": "transport", "info": "Expecting value: line 1 column 1 (char 0)", "retry": 2, "usage": {"reasoning": 0, "total": 0}, "latency_s": 0.0, "intent": ""}
{"task": "analyst_script", "effort": "high", "ok": true, "layer": "ok", "info": "", "retry": 0, "usage": {"reasoning": 2232, "total": 3018}, "latency_s": 36.85, "jarl_warnings": 0, "intent": "Pull differential-expression results out of a SummarizedExperiment rowData slot, classify each gene as up/down/not-significant with a case_when rule on padj and log2FoldChange (falling back to the raw p-value when padj is NA), and boxplot log-fold-changes by the derived class."}
{"task": "analyst_script", "effort": "high", "ok": true, "layer": "ok", "info": "", "retry": 0, "usage": {"reasoning": 1099, "total": 1678}, "latency_s": 19.07, "jarl_warnings": 0, "intent": "Import the ADaM time-to-event dataset, keep the PFS parameter, recode missing treatment/censor values with sensible fallbacks, and drop rows unusable for Kaplan-Meier or Cox fitting."}
{"task": "analyst_script", "effort": "high", "ok": true, "layer": "ok", "info": "", "retry": 0, "usage": {"reasoning": 1687, "total": 2496}, "latency_s": 32.77, "jarl_warnings": 0, "intent": "Filter an ADaM ADTTE efficacy extract to Week 24 tumor-size records, derive percent change from baseline and a responder category via case_when, then print a by-arm summary and a QC boxplot."}
{"task": "finish_block", "effort": "high", "ok": false, "layer": "transport", "info": "Expecting value: line 1 column 1 (char 0)", "retry": 2, "usage": {"reasoning": 0, "total": 0}, "latency_s": 0.0, "intent": ""}
{"task": "finish_block", "effort": "high", "ok": true, "layer": "ok", "info": "", "retry": 0, "usage": {"reasoning": 909, "total": 1352}, "latency_s": 16.35, "jarl_warnings": 0, "intent": "Returns the character vector of names of the general-purpose optimizers (e.g. \"SLSQP\", \"CSOLNP\") that are available in this build of the package."}
{"task": "finish_block", "effort": "high", "ok": true, "layer": "ok", "info": "", "retry": 0, "usage": {"reasoning": 1966, "total": 2494}, "latency_s": 39.09, "jarl_warnings": 0, "intent": "Computes per-column descriptive statistics (n, missing, mean, SD, median, min, max) for the selected columns (or all columns if none are specified) and returns them as a tidy tibble keyed by variable name."}
{"task": "finish_block", "effort": "high", "ok": true, "layer": "ok", "info": "", "retry": 0, "usage": {"reasoning": 1042, "total": 1726}, "latency_s": 21.61, "jarl_warnings": 0, "intent": "Queries the disease.sh v3 COVID-19 continents endpoint with the user's parameters and returns the parsed JSON as a tibble with the updated timestamp converted to UTC POSIXct."}
{"task": "finish_block", "effort": "high", "ok": true, "layer": "ok", "info": "", "retry": 0, "usage": {"reasoning": 1852, "total": 2243}, "latency_s": 43.49, "jarl_warnings": 0, "intent": "Builds an unevaluated import(...) call from the supplied parameter list plus the exports_only flag, ready to be evaluated to perform the actual import."}
{"task": "finish_block", "effort": "high", "ok": false, "layer": "transport", "info": "Expecting value: line 1 column 1 (char 0)", "retry": 2, "usage": {"reasoning": 0, "total": 0}, "latency_s": 0.0, "intent": ""}
{"task": "finish_block", "effort": "high", "ok": true, "layer": "ok", "info": "", "retry": 0, "usage": {"reasoning": 1518, "total": 2102}, "latency_s": 21.13, "jarl_warnings": 0, "intent": "Generates an INSERT SQL statement template with parameter placeholders (using the given prefix and pattern) for the columns of a data frame, applying the row.names convention."}
{"task": "finish_block", "effort": "high", "ok": true, "layer": "ok", "info": "", "retry": 0, "usage": {"reasoning": 927, "total": 1529}, "latency_s": 15.23, "jarl_warnings": 0, "intent": "Parses the input character string into an unevaluated R expression and passes it to mxAlgebra to create an MxAlgebra object."}
{"task": "finish_block", "effort": "high", "ok": false, "layer": "transport", "info": "Expecting value: line 1 column 1 (char 0)", "retry": 2, "usage": {"reasoning": 0, "total": 0}, "latency_s": 0.0, "intent": ""}
{"task": "finish_block", "effort": "high", "ok": true, "layer": "ok", "info": "", "retry": 0, "usage": {"reasoning": 994, "total": 1719}, "latency_s": 18.77, "jarl_warnings": 0, "intent": "Creates an S4 MxComputeStep-class object (MxComputeCheckpoint) that configures logging of parameters and model state to disk or memory during estimation, rejecting any arguments passed through the dots barrier."}
{"task": "finish_block", "effort": "high", "ok": true, "layer": "ok", "info": "", "retry": 0, "usage": {"reasoning": 1812, "total": 2523}, "latency_s": 31.92, "jarl_warnings": 0, "intent": "Fetches per-country COVID-19 totals from the disease.sh API, honoring the yesterday, twoDaysAgo, sort, and allowNull options, and returns a tibble with the updated timestamp converted to UTC POSIXct."}
{"task": "finish_block", "effort": "high", "ok": true, "layer": "ok", "info": "", "retry": 0, "usage": {"reasoning": 1827, "total": 2300}, "latency_s": 35.34, "jarl_warnings": 0, "intent": "Return the stored POSIXct modification time of a script environment, resolving a character file name (optionally combined with .directory) to its environment in the internal scripts registry first."}
{"task": "finish_block", "effort": "high", "ok": true, "layer": "ok", "info": "", "retry": 0, "usage": {"reasoning": 595, "total": 915}, "latency_s": 13.29, "jarl_warnings": 0, "intent": "Constructs and returns a dummy DBI driver object of S4 class \"ANSI\" that simulates ANSI-SQL compliance."}
{"task": "finish_block", "effort": "high", "ok": true, "layer": "ok", "info": "", "retry": 0, "usage": {"reasoning": 524, "total": 936}, "latency_s": 9.85, "jarl_warnings": 0, "intent": "Combines a working directory and file name into a path, returning absolute file names unchanged and relative ones via file.path()."}
{"task": "finish_block", "effort": "high", "ok": true, "layer": "ok", "info": "", "retry": 0, "usage": {"reasoning": 785, "total": 1389}, "latency_s": 16.63, "jarl_warnings": 0, "intent": "Fetches worldwide COVID-19 totals from the disease.sh API and returns them as a one-row tibble with human-readable timestamps and today's new case/recovery counts."}
{"task": "finish_block", "effort": "high", "ok": true, "layer": "ok", "info": "", "retry": 0, "usage": {"reasoning": 379, "total": 824}, "latency_s": 11.53, "jarl_warnings": 0, "intent": "Constructs an Id object (S4) whose `name` slot holds the character vector formed from the arguments in `...`, erroring if any argument is not a string."}
{"task": "finish_block", "effort": "high", "ok": false, "layer": "transport", "info": "Expecting value: line 1 column 1 (char 0)", "retry": 2, "usage": {"reasoning": 0, "total": 0}, "latency_s": 0.0, "intent": ""}
{"task": "finish_block", "effort": "high", "ok": false, "layer": "transport", "info": "Expecting value: line 1 column 1 (char 0)", "retry": 2, "usage": {"reasoning": 0, "total": 0}, "latency_s": 0.0, "intent": ""}
{"task": "finish_block", "effort": "high", "ok": true, "layer": "ok", "info": "", "retry": 0, "usage": {"reasoning": 3349, "total": 4058}, "latency_s": 48.34, "jarl_warnings": 0, "intent": "Computes groupwise descriptive statistics (length, missing, mean, sd, min, max, median) of a continuous variable across levels of a grouping variable and returns them wrapped with the original data in an object of class 'ds_group_summary' for printing and boxplotting."}
{"task": "finish_block", "effort": "high", "ok": true, "layer": "ok", "info": "", "retry": 1, "usage": {"reasoning": 314, "total": 655}, "latency_s": 6.4, "jarl_warnings": 0, "intent": "Executes a query on the connection by sending it, fetching up to n rows, and ensuring the result set is cleared."}
{"task": "finish_block", "effort": "high", "ok": true, "layer": "ok", "info": "", "retry": 2, "usage": {"reasoning": 1436, "total": 1994}, "latency_s": 25.81, "jarl_warnings": 0, "intent": "Displays a palette as a choropleth of U.S. counties (colors assigned by cycling through the palette over county FIPS codes) so users can judge whether broad color regions and outlier counties are distinguishable."}
{"task": "finish_block", "effort": "high", "ok": false, "layer": "transport", "info": "Expecting value: line 1 column 1 (char 0)", "retry": 2, "usage": {"reasoning": 0, "total": 0}, "latency_s": 0.0, "intent": ""}
{"task": "finish_block", "effort": "high", "ok": true, "layer": "ok", "info": "", "retry": 0, "usage": {"reasoning": 1676, "total": 2238}, "latency_s": 27.49, "jarl_warnings": 0, "intent": "Demonstrates basic OpenMx usage by fitting a one-factor confirmatory factor model to the demoOneFactor covariance data, as shown in the package-level documentation example."}
{"task": "finish_block", "effort": "high", "ok": true, "layer": "ok", "info": "", "retry": 0, "usage": {"reasoning": 1516, "total": 2079}, "latency_s": 28.49, "jarl_warnings": 0, "intent": "Generates a vector of n colors along Dave Green's CubeHelix ramp, cycling hue through rotations while lightness increases from black to white, controlled by start, rotations r, saturation hue, and gamma."}
{"task": "finish_block", "effort": "high", "ok": false, "layer": "parse", "info": "Error: '\\.' is an unrecognized escape in character string (<input>:7:9)\nExecution halted\n", "retry": 0, "usage": {"reasoning": 506, "total": 942}, "latency_s": 15.15, "jarl_warnings": 0, "intent": "Check whether a given name refers to an existing file in .directory whose name ends in .R or .r, returning TRUE for a script and FALSE otherwise."}
{"task": "finish_block", "effort": "high", "ok": true, "layer": "ok", "info": "", "retry": 0, "usage": {"reasoning": 623, "total": 961}, "latency_s": 11.72, "jarl_warnings": 0, "intent": "Return the version of the DBI package that is currently installed, as a package_version object."}
{"task": "finish_block", "effort": "high", "ok": true, "layer": "ok", "info": "", "retry": 0, "usage": {"reasoning": 1128, "total": 1722}, "latency_s": 17.79, "jarl_warnings": 0, "intent": "Screens a data frame/tibble and returns a ds_screener object listing rows, columns, variable names, classes, factor levels, and missing value counts per variable."}
{"task": "finish_block", "effort": "high", "ok": true, "layer": "ok", "info": "", "retry": 0, "usage": {"reasoning": 1995, "total": 2616}, "latency_s": 36.11, "jarl_warnings": 0, "intent": "Computes a set of descriptive statistics (count, missing, mean, median, mode, SD, variance, skewness, kurtosis, min, max, IQR) for a numeric vector or for selected columns of a data frame, returning a tidy tibble of statistic/value pairs."}
{"task": "finish_block", "effort": "high", "ok": true, "layer": "ok", "info": "", "retry": 0, "usage": {"reasoning": 3225, "total": 3968}, "latency_s": 46.39, "jarl_warnings": 0, "intent": "Builds a two-way contingency table of two categorical variables from a data frame and returns it with row/column/overall percentages as an object of class cross_table."}
{"task": "finish_block", "effort": "high", "ok": true, "layer": "ok", "info": "", "retry": 0, "usage": {"reasoning": 3135, "total": 3879}, "latency_s": 59.0, "jarl_warnings": 0, "intent": "Draw each supplied palette/colormap as a horizontal band of colored rectangles (sorted and labeled as requested) in a base-graphics plot so discrete distinctness and continuous smoothness can be judged visually."}
{"task": "finish_block", "effort": "high", "ok": true, "layer": "ok", "info": "", "retry": 0, "usage": {"reasoning": 374, "total": 704}, "latency_s": 12.01, "jarl_warnings": 0, "intent": "Evaluates the supplied expression while suppressing package startup messages, delegating entirely to base::suppressPackageStartupMessages()."}
{"task": "finish_block", "effort": "high", "ok": true, "layer": "ok", "info": "", "retry": 0, "usage": {"reasoning": 416, "total": 890}, "latency_s": 10.74, "jarl_warnings": 0, "intent": "Assigns a value to a name in an environment, but aborts if the name already exists there with a different value."}
{"task": "finish_block", "effort": "high", "ok": true, "layer": "ok", "info": "", "retry": 0, "usage": {"reasoning": 937, "total": 1479}, "latency_s": 15.49, "jarl_warnings": 0, "intent": "Stops with an error if the infectiousR package is not loaded, otherwise returns a character vector of dataset names available in infectiousR, returning an empty character vector with a message when none are found."}
{"task": "finish_block", "effort": "high", "ok": true, "layer": "ok", "info": "", "retry": 0, "usage": {"reasoning": 2609, "total": 3196}, "latency_s": 46.96, "jarl_warnings": 0, "intent": "Computes trimmed mean, median, and mode for all numeric columns or user-selected columns of a data frame, rounded to the specified number of decimals."}
{"task": "finish_block", "effort": "high", "ok": true, "layer": "ok", "info": "", "retry": 0, "usage": {"reasoning": 2149, "total": 2723}, "latency_s": 45.28, "jarl_warnings": 0, "intent": "Captures the dot-arguments as quosures, converts each to a character string (evaluating it when .character_only is TRUE, otherwise deparsing the expression), and returns a character vector whose names are the argument names, defaulting to the value itself when the name is missing."}
{"task": "finish_block", "effort": "high", "ok": false, "layer": "transport", "info": "Expecting value: line 1 column 1 (char 0)", "retry": 2, "usage": {"reasoning": 0, "total": 0}, "latency_s": 0.0, "intent": ""}
{"task": "finish_block", "effort": "high", "ok": false, "layer": "transport", "info": "Expecting value: line 1 column 1 (char 0)", "retry": 2, "usage": {"reasoning": 0, "total": 0}, "latency_s": 0.0, "intent": ""}
{"task": "finish_block", "effort": "high", "ok": false, "layer": "transport", "info": "Expecting value: line 1 column 1 (char 0)", "retry": 2, "usage": {"reasoning": 0, "total": 0}, "latency_s": 0.0, "intent": ""}
{"task": "finish_block", "effort": "high", "ok": true, "layer": "ok", "info": "", "retry": 2, "usage": {"reasoning": 1681, "total": 2288}, "latency_s": 27.14, "jarl_warnings": 0, "intent": "Fetches real-time COVID-19 totals for all U.S. states, territories, and special jurisdictions from the disease.sh API and returns them as a tidy data frame with state, cases, todayCases, deaths, todayDeaths, and active columns."}
{"task": "finish_block", "effort": "high", "ok": false, "layer": "transport", "info": "HTTP Error 429: Too Many Requests", "retry": 2, "usage": {"reasoning": 0, "total": 0}, "latency_s": 0.0, "intent": ""}
{"task": "finish_block", "effort": "high", "ok": true, "layer": "ok", "info": "", "retry": 0, "usage": {"reasoning": 1831, "total": 2352}, "latency_s": 33.91, "jarl_warnings": 0, "intent": "Split a package specification such as \"dplyr (>= 1.0.0)\" into the bare package name and a version check list suitable for loadNamespace's versionCheck argument."}
{"task": "finish_block", "effort": "high", "ok": false, "layer": "transport", "info": "Expecting value: line 1 column 1 (char 0)", "retry": 2, "usage": {"reasoning": 0, "total": 0}, "latency_s": 0.0, "intent": ""}
{"task": "finish_block", "effort": "high", "ok": false, "layer": "transport", "info": "Expecting value: line 1 column 1 (char 0)", "retry": 2, "usage": {"reasoning": 0, "total": 0}, "latency_s": 0.0, "intent": ""}
{"task": "finish_block", "effort": "high", "ok": false, "layer": "transport", "info": "Expecting value: line 1 column 1 (char 0)", "retry": 2, "usage": {"reasoning": 0, "total": 0}, "latency_s": 0.0, "intent": ""}
{"task": "finish_block", "effort": "high", "ok": true, "layer": "ok", "info": "", "retry": 1, "usage": {"reasoning": 3279, "total": 3811}, "latency_s": 49.84, "jarl_warnings": 0, "intent": "Compute descriptive statistics (count, minimum, maximum, average) of a continuous variable for each combination of levels of two or more categorical grouping variables."}
{"task": "finish_block", "effort": "high", "ok": false, "layer": "transport", "info": "Expecting value: line 1 column 1 (char 0)", "retry": 2, "usage": {"reasoning": 0, "total": 0}, "latency_s": 0.0, "intent": ""}
{"task": "finish_block", "effort": "high", "ok": false, "layer": "transport", "info": "Expecting value: line 1 column 1 (char 0)", "retry": 2, "usage": {"reasoning": 0, "total": 0}, "latency_s": 0.0, "intent": ""}
{"task": "finish_block", "effort": "high", "ok": true, "layer": "ok", "info": "", "retry": 0, "usage": {"reasoning": 916, "total": 1404}, "latency_s": 19.16, "jarl_warnings": 0, "intent": "Constructs an object of class SQL, marking character input as pre-escaped SQL so DBI functions skip further quoting, optionally attaching names."}
{"task": "finish_block", "effort": "high", "ok": true, "layer": "ok", "info": "", "retry": 0, "usage": {"reasoning": 451, "total": 786}, "latency_s": 10.18, "jarl_warnings": 0, "intent": "Returns the standard error of the mean of a numeric vector, computed as the square root of the sample variance divided by the number of observations."}
{"task": "finish_block", "effort": "high", "ok": false, "layer": "transport", "info": "Expecting value: line 1 column 1 (char 0)", "retry": 2, "usage": {"reasoning": 0, "total": 0}, "latency_s": 0.0, "intent": ""}
{"task": "analyst_script", "effort": "max", "ok": true, "layer": "ok", "info": "", "retry": 1, "usage": {"reasoning": 2482, "total": 3252}, "latency_s": 44.19, "jarl_warnings": 0, "intent": "Compute treatment-emergent AE incidence by treatment, body system and preferred term from ADAE with an ADSL denominator, then render a publication-style dodged bar chart of the top 3 preferred terms per body system in facets."}
{"task": "analyst_script", "effort": "max", "ok": true, "layer": "ok", "info": "", "retry": 0, "usage": {"reasoning": 1015, "total": 1620}, "latency_s": 21.94, "jarl_warnings": 0, "intent": "Read an ADaM-style PK parameter dataset (ADPP) with data.table and produce a grouped summary of NCA parameters (N, mean, CV%, median, min/max) by treatment, PARAMCD, and visit, with option restore via on.exit()."}
{"task": "analyst_script", "effort": "max", "ok": true, "layer": "ok", "info": "", "retry": 0, "usage": {"reasoning": 2564, "total": 3400}, "latency_s": 53.28, "jarl_warnings": 0, "intent": "Derive a PFS analysis population from ADTTE (merged with ADSL for stratification factors), fit a Cox proportional hazards model comparing treatment vs placebo, and output a tidy hazard ratio table."}
{"task": "analyst_script", "effort": "max", "ok": true, "layer": "ok", "info": "", "retry": 0, "usage": {"reasoning": 2019, "total": 2687}, "latency_s": 38.02, "jarl_warnings": 0, "intent": "Shiny reactive that fits an ANCOVA (AVAL ~ BASE + TRTP) per visit on ADQS-style efficacy data, tidies the coefficients for the summary table, and silences lm messages with on.exit() cleanup."}
{"task": "analyst_script", "effort": "max", "ok": false, "layer": "transport", "info": "HTTP Error 429: Too Many Requests", "retry": 2, "usage": {"reasoning": 0, "total": 0}, "latency_s": 0.0, "intent": ""}
{"task": "analyst_script", "effort": "max", "ok": true, "layer": "ok", "info": "", "retry": 0, "usage": {"reasoning": 2170, "total": 2910}, "latency_s": 45.35, "jarl_warnings": 0, "intent": "Reads an NHANES-style survey extract, derives a BMI category variable with dplyr::case_when, computes MEC-weighted category proportions, and plots them with ggplot2 using scales percent formatting."}
{"task": "analyst_script", "effort": "max", "ok": false, "layer": "transport", "info": "HTTP Error 429: Too Many Requests", "retry": 2, "usage": {"reasoning": 0, "total": 0}, "latency_s": 0.0, "intent": ""}
{"task": "analyst_script", "effort": "max", "ok": false, "layer": "transport", "info": "HTTP Error 429: Too Many Requests", "retry": 2, "usage": {"reasoning": 0, "total": 0}, "latency_s": 0.0, "intent": ""}
{"task": "analyst_script", "effort": "max", "ok": true, "layer": "ok", "info": "", "retry": 1, "usage": {"reasoning": 1711, "total": 2535}, "latency_s": 39.97, "jarl_warnings": 0, "intent": "Post-baseline lab (ADLB) review: descriptive stats by parameter/visit/treatment plus a purrr+broom many-models ANCOVA (AVAL ~ BASE + TRTP) fit once per lab parameter, extracting tidy treatment contrasts."}
{"task": "analyst_script", "effort": "max", "ok": true, "layer": "ok", "info": "", "retry": 0, "usage": {"reasoning": 2028, "total": 2717}, "latency_s": 39.73, "jarl_warnings": 0, "intent": "Reads a weighted observational cohort CSV, drops records with missing outcome or nonpositive sampling weights, computes per-exposure-group descriptive stats (n, median/IQR age, weighted mean follow-up) via base-R split/lapply, and fits a weighted Kaplan-Meier by exposure tidied with broom for reporting."}
{"task": "analyst_script", "effort": "max", "ok": true, "layer": "ok", "info": "", "retry": 0, "usage": {"reasoning": 2061, "total": 2765}, "latency_s": 45.13, "jarl_warnings": 0, "intent": "Fit AVAL ~ BASE linear models per lab parameter on a post-baseline ADLB QC extract, flag outliers via studentized residuals, and produce a tidy coefficient table for the QC writeup."}
{"task": "analyst_script", "effort": "max", "ok": true, "layer": "ok", "info": "", "retry": 0, "usage": {"reasoning": 2618, "total": 3346}, "latency_s": 53.1, "jarl_warnings": 0, "intent": "Read ADLB lab data, drop missing values, and build a PARAMCD-by-AVISIT summary table with 3xIQR-fence outlier counts and n=1 SD fallback, plus a quick boxplot for review."}
{"task": "analyst_script", "effort": "max", "ok": true, "layer": "ok", "info": "", "retry": 1, "usage": {"reasoning": 2581, "total": 3473}, "latency_s": 43.81, "jarl_warnings": 0, "intent": "Fits IPW-weighted Kaplan-Meier curves by treatment group (tidied with broom) separately for each sex and renders them as a faceted, grayscale base-graphics publication figure."}
{"task": "analyst_script", "effort": "max", "ok": true, "layer": "ok", "info": "", "retry": 0, "usage": {"reasoning": 3201, "total": 4029}, "latency_s": 75.07, "jarl_warnings": 0, "intent": "Read an NCA (non-compartmental) PK dataset, derive dose-normalized exposure parameters and a high-vs-baseline flag via case_when with option cleanup on exit, then run a small tidied Cox model for the exposure-response TTE addendum."}
{"task": "analyst_script", "effort": "max", "ok": true, "layer": "ok", "info": "", "retry": 0, "usage": {"reasoning": 2246, "total": 3032}, "latency_s": 40.52, "jarl_warnings": 0, "intent": "Read ADLB-style lab data, flag ALT results exceeding 1.5x the upper limit of normal as outliers, and build a summary table of time-to-first-outlier by treatment using survfit with broom::tidy."}
{"task": "analyst_script", "effort": "max", "ok": false, "layer": "transport", "info": "HTTP Error 429: Too Many Requests", "retry": 2, "usage": {"reasoning": 0, "total": 0}, "latency_s": 0.0, "intent": ""}
{"task": "analyst_script", "effort": "max", "ok": true, "layer": "ok", "info": "", "retry": 0, "usage": {"reasoning": 2151, "total": 3046}, "latency_s": 47.64, "jarl_warnings": 0, "intent": "Reads ADaM-style ADTTE/ADSL csvs, preps an oncology overall-survival analysis population with tidyr/forcats/stringr, fits a Cox model plus a Kaplan-Meier per arm, and returns a tidy HR table while restoring the working directory via on.exit()."}
{"task": "analyst_script", "effort": "max", "ok": true, "layer": "ok", "info": "", "retry": 1, "usage": {"reasoning": 3740, "total": 4444}, "latency_s": 55.12, "jarl_warnings": 0, "intent": "Reads monthly operational enrollment-forecast data, draws a faceted publication-style plot of actual screening counts vs the 12-week forecast with 95% prediction bands per region, and appends a gtsummary table of mean absolute percent error by region."}
{"task": "analyst_script", "effort": "max", "ok": true, "layer": "ok", "info": "", "retry": 0, "usage": {"reasoning": 788, "total": 1533}, "latency_s": 17.43, "jarl_warnings": 0, "intent": "A reusable report-chunk helper that draws a boxplot of AVAL by visit and treatment for a given PARAMCD from an ADaM-style data frame, with argument checks, missing-value filtering, optional PNG export guarded by on.exit(dev.off()), and a fallback title."}
{"task": "analyst_script", "effort": "max", "ok": true, "layer": "ok", "info": "", "retry": 0, "usage": {"reasoning": 2829, "total": 3492}, "latency_s": 50.35, "jarl_warnings": 0, "intent": "Preps an analysis-ready overall survival dataset by filtering ADTTE to OS records, reshaping BOR/DOR records from ADRS long-to-wide per subject, joining the two tables, and printing a gtsummary table by treatment arm."}
{"task": "analyst_script", "effort": "max", "ok": true, "layer": "ok", "info": "", "retry": 0, "usage": {"reasoning": 3306, "total": 4191}, "latency_s": 59.76, "jarl_warnings": 0, "intent": "Reads ADLB from a csv inside the CRO zip delivery (closing the connection via on.exit), derives a baseline-to-postbaseline reference-range shift category (BNRIND -> ANRIND) for ALT with case_when, and produces a treatment-arm shift table with gtsummary."}
{"task": "analyst_script", "effort": "max", "ok": true, "layer": "ok", "info": "", "retry": 0, "usage": {"reasoning": 2976, "total": 4050}, "latency_s": 57.51, "jarl_warnings": 0, "intent": "Reusable function that fits one binomial GLM per adverse event preferred term (AEDECOD) to produce treatment odds ratios with CIs via a purrr many-models loop and broom::tidy, including argument checks, sparse-term fallback, and on.exit() connection cleanup when writing CSV output."}
{"task": "analyst_script", "effort": "max", "ok": true, "layer": "ok", "info": "", "retry": 0, "usage": {"reasoning": 2248, "total": 2943}, "latency_s": 34.38, "jarl_warnings": 0, "intent": "Reads ADLB lab data, filters out missing values and screening records, computes per-parameter/visit summary statistics (n, mean, median, sd, quartiles), and derives IQR-based outlier fences with a guard for small sample sizes."}
{"task": "analyst_script", "effort": "max", "ok": true, "layer": "ok", "info": "", "retry": 0, "usage": {"reasoning": 3581, "total": 4538}, "latency_s": 64.61, "jarl_warnings": 0, "intent": "Defines a reusable function that builds a baseline (BTOXGR) vs worst post-baseline (ATOXGR) toxicity grade shift table for a selected ADLB parameter, showing counts and row percentages by treatment with argument/data checks."}
{"task": "analyst_script", "effort": "max", "ok": true, "layer": "ok", "info": "", "retry": 1, "usage": {"reasoning": 1804, "total": 2524}, "latency_s": 31.52, "jarl_warnings": 0, "intent": "Derive a Week-12 HbA1c responder flag from ADVS change-from-baseline using case_when, then plot responder proportions by treatment with ggplot2 percent-formatted bars."}
{"task": "analyst_script", "effort": "max", "ok": true, "layer": "ok", "info": "", "retry": 0, "usage": {"reasoning": 1948, "total": 2568}, "latency_s": 37.01, "jarl_warnings": 0, "intent": "From an in-scope ADTTE data frame, derive an ordinal treatment group and an event flag via case_when after filtering incomplete records, then fit a Cox model and tidy it into an HR table for the report chunk."}
{"task": "analyst_script", "effort": "max", "ok": true, "layer": "ok", "info": "", "retry": 2, "usage": {"reasoning": 2803, "total": 3412}, "latency_s": 54.34, "jarl_warnings": 0, "intent": "Builds a summary table object of QS total score AVAL (n, mean, sd) by treatment and visit from a gzipped ADaM extract, using on.exit() to close the file connection so later Rmd chunks stay clean."}
{"task": "analyst_script", "effort": "max", "ok": true, "layer": "ok", "info": "", "retry": 0, "usage": {"reasoning": 2703, "total": 3389}, "latency_s": 48.27, "jarl_warnings": 0, "intent": "Build a publication-style liver lab shift plot (post-baseline vs baseline values) from an ADaM ADLB dataset, faceted by parameter and colored by treatment, with jittered points and a unity reference line."}
{"task": "analyst_script", "effort": "max", "ok": true, "layer": "ok", "info": "", "retry": 0, "usage": {"reasoning": 1378, "total": 1979}, "latency_s": 26.06, "jarl_warnings": 0, "intent": "Summarize an ADTTE overall-survival extract by treatment arm using data.table, computing subject counts, event counts, and crude median/first-quartile time-to-event per arm before fitting a formal Kaplan-Meier."}
{"task": "analyst_script", "effort": "max", "ok": false, "layer": "transport", "info": "Expecting value: line 1 column 1 (char 0)", "retry": 2, "usage": {"reasoning": 0, "total": 0}, "latency_s": 0.0, "intent": ""}
{"task": "analyst_script", "effort": "max", "ok": true, "layer": "ok", "info": "", "retry": 0, "usage": {"reasoning": 2328, "total": 3237}, "latency_s": 43.69, "jarl_warnings": 0, "intent": "A reusable ggplot2 function that builds a mean (+/- SE) concentration-time profile by treatment from an ADaM-style PK concentration dataset, with argument checks, missing-value filtering, and an optional log y-axis."}
{"task": "analyst_script", "effort": "max", "ok": true, "layer": "ok", "info": "", "retry": 0, "usage": {"reasoning": 3036, "total": 3952}, "latency_s": 52.49, "jarl_warnings": 0, "intent": "Defines a reusable, argument-checked ggplot2 function that reads an ADTTE overall survival extract, flips the ADaM CNSR censoring flag, fits a Kaplan-Meier curve by treatment, and renders stepped survival curves with a percent axis (plus a Cox model pointer in a comment)."}
{"task": "analyst_script", "effort": "max", "ok": true, "layer": "ok", "info": "", "retry": 0, "usage": {"reasoning": 1816, "total": 2537}, "latency_s": 41.06, "jarl_warnings": 0, "intent": "Read an analysis-ready ADVS dataset (with fallback), compute per-treatment/per-visit summary stats (n, mean, SD, median, SE) on systolic BP using data.table, run a quick QC assertion, and plot mean +/- SE by visit in ggplot2 for embedding in an Rmd/Quarto report chunk."}
{"task": "analyst_script", "effort": "max", "ok": true, "layer": "ok", "info": "", "retry": 0, "usage": {"reasoning": 3599, "total": 4495}, "latency_s": 67.83, "jarl_warnings": 0, "intent": "Import the ADAE safety dataset from csv, standardize missing codes and treatment/severity factor levels, and prep a cleaned frame plus a quick AE-count sanity check for downstream shift tables and AE rate summaries."}
{"task": "analyst_script", "effort": "max", "ok": true, "layer": "ok", "info": "", "retry": 0, "usage": {"reasoning": 707, "total": 1350}, "latency_s": 22.46, "jarl_warnings": 0, "intent": "Read an ADaM time-to-event dataset and produce a grouped KM-style summary (subjects, events, median and range of time) by treatment and parameter, then export to csv."}
{"task": "analyst_script", "effort": "max", "ok": true, "layer": "ok", "info": "", "retry": 0, "usage": {"reasoning": 3829, "total": 4675}, "latency_s": 67.01, "jarl_warnings": 0, "intent": "Build a lab shift table (baseline vs worst post-baseline reference-range status, counts and row percentages by treatment and parameter) from an ADLB data frame."}
{"task": "analyst_script", "effort": "max", "ok": true, "layer": "ok", "info": "", "retry": 0, "usage": {"reasoning": 4018, "total": 4921}, "latency_s": 73.38, "jarl_warnings": 0, "intent": "Prep oncology time-to-event data: reshape the long ADTTE table (PFS/OS per subject) to wide, left-join ADSL baseline covariates, and plot a quick sanity check before Kaplan-Meier/Cox modelling."}
{"task": "analyst_script", "effort": "max", "ok": true, "layer": "ok", "info": "", "retry": 0, "usage": {"reasoning": 3091, "total": 4016}, "latency_s": 56.74, "jarl_warnings": 0, "intent": "Compute per-subject non-compartmental PK parameters (Cmax, Tmax, AUClast by linear trapezoid, terminal lambda_z/half-life from a log-linear lm fit on the last 3 points) from serial ADaM-style concentration data, then plot log-scale concentration-time profiles by treatment."}
{"task": "analyst_script", "effort": "max", "ok": true, "layer": "ok", "info": "", "retry": 0, "usage": {"reasoning": 2450, "total": 3126}, "latency_s": 47.26, "jarl_warnings": 0, "intent": "Wraps an ADTTE read-and-summarize step in a function that groups time-to-event data by treatment and parameter, computing event counts, median/IQR time, and censoring rate, with DT thread settings restored via on.exit()."}
{"task": "analyst_script", "effort": "max", "ok": true, "layer": "ok", "info": "", "retry": 0, "usage": {"reasoning": 2609, "total": 3293}, "latency_s": 49.58, "jarl_warnings": 0, "intent": "Fits a per-gene linear model of log-counts on tissue across the samples of a SummarizedExperiment, tidies the results into a long table with purrr/broom, joins gene annotations, and reshapes to wide by model term."}
{"task": "analyst_script", "effort": "max", "ok": true, "layer": "ok", "info": "", "retry": 0, "usage": {"reasoning": 2651, "total": 3345}, "latency_s": 47.07, "jarl_warnings": 0, "intent": "Read ADaM efficacy data, merge treatment assignment from ADSL, fit one ANCOVA per PARAMCD endpoint at Week 24 using a purrr many-models pattern, and collect broom::tidy estimates into a summary table object."}
{"task": "analyst_script", "effort": "max", "ok": true, "layer": "ok", "info": "", "retry": 0, "usage": {"reasoning": 2674, "total": 3489}, "latency_s": 46.01, "jarl_warnings": 0, "intent": "Read ADaM subject-level (ADSL) and time-to-event (ADTTE) datasets, reshape the long PFS/OS records to one row per subject, join ADSL covariates, and fit a Kaplan-Meier curve plus an adjusted Cox model for PFS."}
{"task": "analyst_script", "effort": "max", "ok": true, "layer": "ok", "info": "", "retry": 0, "usage": {"reasoning": 3778, "total": 4500}, "latency_s": 72.35, "jarl_warnings": 0, "intent": "Read noncompartmental PK parameter results (long format) and subject-level demographics, left-join them on USUBJID, reshape parameters to wide (one row per subject with AUCIFO/CMAX/TMAX columns), then boxplot AUC by treatment."}
{"task": "analyst_script", "effort": "max", "ok": true, "layer": "ok", "info": "", "retry": 0, "usage": {"reasoning": 458, "total": 1048}, "latency_s": 15.8, "jarl_warnings": 0, "intent": "Import a weekly warehouse dispense extract with fread, convert legacy -999 missing codes and blank strings to NA, drop rows without a valid week/units value, dedupe, and sort into a clean data.table ready for forecasting."}
{"task": "analyst_script", "effort": "max", "ok": true, "layer": "ok", "info": "", "retry": 0, "usage": {"reasoning": 3401, "total": 4290}, "latency_s": 75.33, "jarl_warnings": 0, "intent": "Defines a reusable, argument-checked function that filters an ADTTE time-to-event dataset by PARAMCD and builds a themed gtsummary Kaplan-Meier survival table by treatment arm at specified timepoints, with temp-file and theme cleanup on exit."}
{"task": "analyst_script", "effort": "max", "ok": true, "layer": "ok", "info": "", "retry": 0, "usage": {"reasoning": 1851, "total": 2576}, "latency_s": 41.19, "jarl_warnings": 0, "intent": "Reads an ADaM ADTTE time-to-event extract from CSV, cleans missing-value codes and treatment levels, then uses purrr's many-models pattern to fit one Cox model per endpoint (OS/PFS) and stack the tidied hazard-ratio tables with broom."}
{"task": "analyst_script", "effort": "max", "ok": true, "layer": "ok", "info": "", "retry": 0, "usage": {"reasoning": 4728, "total": 5550}, "latency_s": 82.41, "jarl_warnings": 0, "intent": "Fit an ANCOVA (change from baseline ~ treatment + baseline) per PARAMCD x visit on ADaM ADVS data using a purrr many-models pattern, tidy the treatment contrasts with broom, and write a publication-style faceted forest plot of adjusted mean effects vs placebo to PNG with device cleanup on exit."}
{"task": "analyst_script", "effort": "max", "ok": true, "layer": "ok", "info": "", "retry": 0, "usage": {"reasoning": 3353, "total": 4077}, "latency_s": 61.09, "jarl_warnings": 0, "intent": "Pull sample metadata from a SummarizedExperiment's colData into a data.table, derive a tumor purity/age stratum with case_when, compute library size from the counts assay, and boxplot library size by stratum."}
{"task": "analyst_script", "effort": "max", "ok": true, "layer": "ok", "info": "", "retry": 0, "usage": {"reasoning": 1274, "total": 1864}, "latency_s": 33.85, "jarl_warnings": 0, "intent": "Reads a time-to-death ADaM extract and cleans it for Kaplan-Meier/Cox work by recoding blanks, defaulting missing censor flags to censored, filtering unusable records, and de-duplicating subjects."}
{"task": "analyst_script", "effort": "max", "ok": true, "layer": "ok", "info": "", "retry": 0, "usage": {"reasoning": 978, "total": 1869}, "latency_s": 24.34, "jarl_warnings": 0, "intent": "Read an ADaM ADVS dataset, derive percent change from baseline and a binned category using case_when, summarize by treatment/visit, and plot mean percent change over time."}
{"task": "finish_block", "effort": "max", "ok": false, "layer": "transport", "info": "Expecting value: line 1 column 1 (char 0)", "retry": 2, "usage": {"reasoning": 0, "total": 0}, "latency_s": 0.0, "intent": ""}
{"task": "finish_block", "effort": "max", "ok": true, "layer": "ok", "info": "", "retry": 0, "usage": {"reasoning": 3634, "total": 4108}, "latency_s": 58.33, "jarl_warnings": 0, "intent": "Returns the character vector of general-purpose optimizers compiled into this build of OpenMx (adding NPSOL when enabled), excluding special-purpose optimizers like Newton-Raphson or EM."}
{"task": "finish_block", "effort": "max", "ok": true, "layer": "ok", "info": "", "retry": 0, "usage": {"reasoning": 4543, "total": 5100}, "latency_s": 66.53, "jarl_warnings": 0, "intent": "Computes common descriptive statistics (min, max, mean, median, mode, standard deviation, variance, skewness and kurtosis) for the selected columns of data and returns them as a tidy tibble with one row per variable."}
{"task": "finish_block", "effort": "max", "ok": true, "layer": "ok", "info": "", "retry": 0, "usage": {"reasoning": 1681, "total": 2401}, "latency_s": 26.97, "jarl_warnings": 0, "intent": "Queries the disease.sh v3 COVID-19 continents endpoint with yesterday/twoDaysAgo/sort/allowNull parameters and returns a tibble of per-continent totals with the 'updated' timestamp converted to POSIXct in UTC."}
{"task": "finish_block", "effort": "max", "ok": true, "layer": "ok", "info": "", "retry": 0, "usage": {"reasoning": 1243, "total": 1636}, "latency_s": 22.23, "jarl_warnings": 0, "intent": "Constructs an unevaluated `import()` call with the given parameters (including the exports_only flag) that can later be evaluated to perform the actual import."}
{"task": "finish_block", "effort": "max", "ok": false, "layer": "transport", "info": "Expecting value: line 1 column 1 (char 0)", "retry": 2, "usage": {"reasoning": 0, "total": 0}, "latency_s": 0.0, "intent": ""}
{"task": "finish_block", "effort": "max", "ok": false, "layer": "transport", "info": "Expecting value: line 1 column 1 (char 0)", "retry": 2, "usage": {"reasoning": 0, "total": 0}, "latency_s": 0.0, "intent": ""}
{"task": "finish_block", "effort": "max", "ok": true, "layer": "ok", "info": "", "retry": 0, "usage": {"reasoning": 5240, "total": 5907}, "latency_s": 89.41, "jarl_warnings": 0, "intent": "Parses the input character string into an unevaluated R expression and passes it on to mxAlgebra (with name, dimnames, and any extra arguments forwarded) to construct an MxAlgebra object."}
{"task": "finish_block", "effort": "max", "ok": true, "layer": "ok", "info": "", "retry": 0, "usage": {"reasoning": 3494, "total": 4102}, "latency_s": 54.23, "jarl_warnings": 0, "intent": "Imports the selected objects from a package or module into a dedicated environment on the search path by forwarding all arguments to the package's internal import_() workhorse."}
{"task": "finish_block", "effort": "max", "ok": true, "layer": "ok", "info": "", "retry": 0, "usage": {"reasoning": 1062, "total": 1766}, "latency_s": 15.76, "jarl_warnings": 0, "intent": "Constructs an MxComputeCheckpoint compute step object that logs parameters and model state to disk or memory at each checkpoint."}
{"task": "finish_block", "effort": "max", "ok": true, "layer": "ok", "info": "", "retry": 0, "usage": {"reasoning": 2056, "total": 2781}, "latency_s": 36.91, "jarl_warnings": 0, "intent": "Fetches COVID-19 country-level totals from the disease.sh API with optional day-offset, sorting, and null-handling query parameters, returning a tidy tibble with the updated timestamp converted to POSIXct in UTC."}
{"task": "finish_block", "effort": "max", "ok": true, "layer": "ok", "info": "", "retry": 0, "usage": {"reasoning": 1510, "total": 2031}, "latency_s": 28.11, "jarl_warnings": 0, "intent": "Return the POSIXct modification time of a script module: the stored mtime attribute if e is a script environment, or the file's mtime when e is a file name (optionally resolved against .directory)."}
{"task": "finish_block", "effort": "max", "ok": false, "layer": "json", "info": "schema/structure fail", "retry": 0, "usage": {"reasoning": 763, "total": 1073}, "latency_s": 17.18, "jarl_warnings": 0, "intent": "Instantiates a dummy S4 DBI driver object of class 'ANSI' that simulates ANSI-SQL compliance, typically used as a placeholder driver for SQL generation/testing."}
{"task": "finish_block", "effort": "max", "ok": true, "layer": "ok", "info": "", "retry": 0, "usage": {"reasoning": 1950, "total": 2361}, "latency_s": 38.77, "jarl_warnings": 0, "intent": "Returns the combination of a working directory and a file name, passing through file names that are already absolute paths."}
{"task": "finish_block", "effort": "max", "ok": true, "layer": "ok", "info": "", "retry": 0, "usage": {"reasoning": 1757, "total": 2374}, "latency_s": 25.02, "jarl_warnings": 0, "intent": "Fetches global COVID-19 statistics from the disease.sh API and returns them as a one-row data frame with a human-readable update timestamp."}
{"task": "finish_block", "effort": "max", "ok": true, "layer": "ok", "info": "", "retry": 0, "usage": {"reasoning": 518, "total": 1011}, "latency_s": 12.55, "jarl_warnings": 0, "intent": "Constructs an Id object (S4 class with a 'name' character slot) representing a table identifier nested in a hierarchy, validating that all components are non-empty strings."}
{"task": "finish_block", "effort": "max", "ok": true, "layer": "ok", "info": "", "retry": 0, "usage": {"reasoning": 1763, "total": 2334}, "latency_s": 29.22, "jarl_warnings": 0, "intent": "Writes the final state of an MxModel to an .omx checkpoint file in chkpt.directory, prefixed with chkpt.prefix."}
{"task": "finish_block", "effort": "max", "ok": true, "layer": "ok", "info": "", "retry": 0, "usage": {"reasoning": 3611, "total": 4340}, "latency_s": 62.99, "jarl_warnings": 0, "intent": "Queries the CDC FluView ILINet API for weekly national influenza-like-illness counts for the 2018-2020 seasons (covering the 2019/2020 outbreaks), reshapes the response to the documented columns, and returns it in an updated/source/data list."}
{"task": "finish_block", "effort": "max", "ok": true, "layer": "ok", "info": "", "retry": 0, "usage": {"reasoning": 5429, "total": 6113}, "latency_s": 67.64, "jarl_warnings": 0, "intent": "Computes group-wise descriptive statistics (n, mean, standard deviation, median, min, max) of a continuous variable across levels of a categorical grouping variable using tidy evaluation, returning an object of class \"ds_group_summary\"."}
{"task": "finish_block", "effort": "max", "ok": true, "layer": "ok", "info": "", "retry": 0, "usage": {"reasoning": 370, "total": 706}, "latency_s": 8.03, "jarl_warnings": 0, "intent": "Sends a query to the database connection, fetches up to n rows from the result set, and ensures the result is cleared on exit."}
{"task": "finish_block", "effort": "max", "ok": false, "layer": "transport", "info": "Expecting value: line 1 column 1 (char 0)", "retry": 2, "usage": {"reasoning": 0, "total": 0}, "latency_s": 0.0, "intent": ""}
{"task": "finish_block", "effort": "max", "ok": true, "layer": "ok", "info": "", "retry": 0, "usage": {"reasoning": 1860, "total": 2478}, "latency_s": 31.93, "jarl_warnings": 0, "intent": "Selects the requested columns (or all columns), then loops over every categorical (factor) variable and prints a one-way frequency table for each using ds_freq_table."}
{"task": "finish_block", "effort": "max", "ok": true, "layer": "ok", "info": "", "retry": 0, "usage": {"reasoning": 3045, "total": 3532}, "latency_s": 54.16, "jarl_warnings": 0, "intent": "Acts as the roxygen2 package-level documentation anchor for OpenMx; the NULL sentinel carries the package-wide help text (describing SEM, matrix algebra optimization, and pointers to mxRun) without defining any runnable code."}
{"task": "finish_block", "effort": "max", "ok": false, "layer": "transport", "info": "Expecting value: line 1 column 1 (char 0)", "retry": 2, "usage": {"reasoning": 0, "total": 0}, "latency_s": 0.0, "intent": ""}
{"task": "finish_block", "effort": "max", "ok": true, "layer": "ok", "info": "", "retry": 1, "usage": {"reasoning": 733, "total": 1176}, "latency_s": 17.81, "jarl_warnings": 0, "intent": "Infers whether an import source is an R script (rather than a package) by checking that a file with the given name exists in .directory and has a .R or .r extension."}
{"task": "finish_block", "effort": "max", "ok": true, "layer": "ok", "info": "", "retry": 0, "usage": {"reasoning": 604, "total": 921}, "latency_s": 12.49, "jarl_warnings": 0, "intent": "Returns the installed version of the DBI package as a character string."}
{"task": "finish_block", "effort": "max", "ok": true, "layer": "ok", "info": "", "retry": 0, "usage": {"reasoning": 2337, "total": 2919}, "latency_s": 39.37, "jarl_warnings": 0, "intent": "Screens a data frame and returns a list of class ds_screener containing the number of rows and columns, variable names, classes, factor levels, and counts and percentages of missing values for each variable."}
{"task": "finish_block", "effort": "max", "ok": false, "layer": "transport", "info": "Expecting value: line 1 column 1 (char 0)", "retry": 2, "usage": {"reasoning": 0, "total": 0}, "latency_s": 0.0, "intent": ""}
{"task": "finish_block", "effort": "max", "ok": true, "layer": "ok", "info": "", "retry": 0, "usage": {"reasoning": 3040, "total": 3676}, "latency_s": 47.87, "jarl_warnings": 0, "intent": "Builds a two-way contingency table of two categorical variables using tidy-eval column capture, returning an object of class 'cross_table' holding the frequency table, variable names, and data for downstream print and plot methods."}
{"task": "finish_block", "effort": "max", "ok": false, "layer": "transport", "info": "Expecting value: line 1 column 1 (char 0)", "retry": 2, "usage": {"reasoning": 0, "total": 0}, "latency_s": 0.0, "intent": ""}
{"task": "finish_block", "effort": "max", "ok": true, "layer": "ok", "info": "", "retry": 0, "usage": {"reasoning": 473, "total": 836}, "latency_s": 12.33, "jarl_warnings": 0, "intent": "Evaluates the expression `e` while suppressing package startup messages, by delegating to base::suppressPackageStartupMessages()."}
{"task": "finish_block", "effort": "max", "ok": true, "layer": "ok", "info": "", "retry": 0, "usage": {"reasoning": 774, "total": 1294}, "latency_s": 16.48, "jarl_warnings": 0, "intent": "Assigns a value to a name in an environment, but aborts if the name already exists there with a different value, otherwise delegating to base::assign()."}
{"task": "finish_block", "effort": "max", "ok": true, "layer": "ok", "info": "", "retry": 0, "usage": {"reasoning": 365, "total": 890}, "latency_s": 9.59, "jarl_warnings": 0, "intent": "Stops with an error if infectiousR is not attached, otherwise lists dataset names from the package via data(), messaging and returning an empty character vector if none exist."}
{"task": "finish_block", "effort": "max", "ok": true, "layer": "ok", "info": "", "retry": 0, "usage": {"reasoning": 3868, "total": 4468}, "latency_s": 59.89, "jarl_warnings": 0, "intent": "Computes the trimmed mean, median, and mode for each selected numeric column (or a bare numeric vector) and returns them rounded to the requested decimals as a tidy tibble."}
{"task": "finish_block", "effort": "max", "ok": true, "layer": "ok", "info": "", "retry": 0, "usage": {"reasoning": 3593, "total": 4188}, "latency_s": 56.39, "jarl_warnings": 0, "intent": "Converts dot-arguments into a named character vector of symbols, filling in missing names with the symbol values themselves."}
{"task": "finish_block", "effort": "max", "ok": true, "layer": "ok", "info": "", "retry": 1, "usage": {"reasoning": 4519, "total": 5235}, "latency_s": 72.5, "jarl_warnings": 0, "intent": "Constructs one MxMarginalPoisson object per manifest indicator, holding the maximum count and mxMatrix-valued lambda/zeroInf parameters that define each variable's zero-inflated Poisson marginal distribution."}
{"task": "finish_block", "effort": "max", "ok": true, "layer": "ok", "info": "", "retry": 0, "usage": {"reasoning": 1668, "total": 2167}, "latency_s": 27.44, "jarl_warnings": 0, "intent": "Prints descriptive summary statistics and a frequency table for each numeric column in data (or only the columns supplied via ...)."}
{"task": "finish_block", "effort": "max", "ok": true, "layer": "ok", "info": "", "retry": 0, "usage": {"reasoning": 3996, "total": 4614}, "latency_s": 61.66, "jarl_warnings": 0, "intent": "Compute frequency, cumulative frequency, frequency percent and cumulative percent for a categorical or binned continuous column and return them in an object of class ds_freq_table."}
{"task": "finish_block", "effort": "max", "ok": true, "layer": "ok", "info": "", "retry": 0, "usage": {"reasoning": 1156, "total": 1754}, "latency_s": 17.53, "jarl_warnings": 0, "intent": "Fetches real-time COVID-19 totals for all U.S. states and territories from the disease.sh API and returns a tidy data frame with case, death, and active-case columns."}
{"task": "finish_block", "effort": "max", "ok": false, "layer": "transport", "info": "Expecting value: line 1 column 1 (char 0)", "retry": 2, "usage": {"reasoning": 0, "total": 0}, "latency_s": 0.0, "intent": ""}
{"task": "finish_block", "effort": "max", "ok": true, "layer": "ok", "info": "", "retry": 0, "usage": {"reasoning": 5195, "total": 5811}, "latency_s": 84.15, "jarl_warnings": 0, "intent": "Decomposes a package specification string like 'dplyr (>= 1.0.0)' into the package name and a loadNamespace-compatible version check list."}
{"task": "finish_block", "effort": "max", "ok": false, "layer": "transport", "info": "Expecting value: line 1 column 1 (char 0)", "retry": 2, "usage": {"reasoning": 0, "total": 0}, "latency_s": 0.0, "intent": ""}
{"task": "finish_block", "effort": "max", "ok": true, "layer": "ok", "info": "", "retry": 0, "usage": {"reasoning": 3204, "total": 3934}, "latency_s": 54.93, "jarl_warnings": 0, "intent": "Fetches COVID-19 totals for a single country from the disease.sh v3 API (handling yesterday/twoDaysAgo, strict matching, and allowNull flags) and returns a one-row tibble with the update timestamp converted to POSIXct in UTC."}
{"task": "finish_block", "effort": "max", "ok": true, "layer": "ok", "info": "", "retry": 0, "usage": {"reasoning": 3481, "total": 4080}, "latency_s": 52.1, "jarl_warnings": 0, "intent": "Selects the continuous columns of data (or those supplied via ...), draws a ggplot2 scatter plot of the first two, and either prints it or returns the plot object."}
{"task": "finish_block", "effort": "max", "ok": false, "layer": "transport", "info": "HTTP Error 429: Too Many Requests", "retry": 2, "usage": {"reasoning": 0, "total": 0}, "latency_s": 0.0, "intent": ""}
{"task": "finish_block", "effort": "max", "ok": false, "layer": "transport", "info": "HTTP Error 429: Too Many Requests", "retry": 2, "usage": {"reasoning": 0, "total": 0}, "latency_s": 0.0, "intent": ""}
{"task": "finish_block", "effort": "max", "ok": false, "layer": "transport", "info": "HTTP Error 429: Too Many Requests", "retry": 2, "usage": {"reasoning": 0, "total": 0}, "latency_s": 0.0, "intent": ""}
{"task": "finish_block", "effort": "max", "ok": true, "layer": "ok", "info": "", "retry": 0, "usage": {"reasoning": 394, "total": 848}, "latency_s": 16.73, "jarl_warnings": 0, "intent": "Constructs an object of class SQL (inheriting from character) marking strings as already-escaped SQL, optionally attaching names."}
{"task": "finish_block", "effort": "max", "ok": true, "layer": "ok", "info": "", "retry": 0, "usage": {"reasoning": 561, "total": 893}, "latency_s": 18.55, "jarl_warnings": 0, "intent": "Computes the standard error of the mean of a numeric vector, ignoring missing values."}
{"task": "finish_block", "effort": "max", "ok": true, "layer": "ok", "info": "", "retry": 0, "usage": {"reasoning": 3507, "total": 4009}, "latency_s": 55.4, "jarl_warnings": 0, "intent": "Translates a lifecycle stage name into an Rd \\if{html}{\\figure{...}} snippet so the badge image is rendered only in the HTML version of the help page, erroring on unknown stages."}
